CREATE TABLE herbalife_dev.ci_modulos
(
    id_modulo int(11) unsigned PRIMARY KEY NOT NULL,
    id_opcion_modulo int(10) unsigned COMMENT '{"label":"Modulo","input":"select","selectBy":["id_setting"],"filterBy":{"id_setting":1,"0":"nombre"}}',
    id_opcion_roles int(10) unsigned COMMENT '{"label":"Role Admitido","input":"select","selectBy":["id_setting"],"filterBy":{"id_setting":4,"0":"nombre"}}',
    titulo varchar(100) NOT NULL,
    tabla varchar(255),
    listed varchar(15) DEFAULT 'ENABLED' NOT NULL COMMENT '{"input":"radio","options":["ENABLED","DISABLED"]}',
    descripcion text COMMENT '{"validate":0}',
    icon varchar(200) NOT NULL COMMENT '{"validate":0}',
    url varchar(600) NOT NULL,
    estado varchar(255) DEFAULT 'ENABLED',
    change_count int(11) DEFAULT '0' NOT NULL,
    id_user_modified int(11) unsigned NOT NULL,
    id_user_created int(11) unsigned NOT NULL,
    date_modified datetime NOT NULL,
    date_created datetime NOT NULL,
    CONSTRAINT ci_modulos_ibfk_3 FOREIGN KEY (id_opcion_modulo) REFERENCES herbalife_dev.ci_options (id_option),
    CONSTRAINT ci_modulos_ibfk_4 FOREIGN KEY (id_opcion_roles) REFERENCES herbalife_dev.ci_options (id_option),
    CONSTRAINT ci_modulos_ibfk_2 FOREIGN KEY (id_user_modified) REFERENCES herbalife_dev.ci_usuarios (id_usuario),
    CONSTRAINT ci_modulos_ibfk_1 FOREIGN KEY (id_user_created) REFERENCES herbalife_dev.ci_usuarios (id_usuario)
);
CREATE INDEX ci_modulos_ibfk_3 ON herbalife_dev.ci_modulos (id_opcion_modulo);
CREATE INDEX ci_modulos_ibfk_4 ON herbalife_dev.ci_modulos (id_opcion_roles);
CREATE INDEX id_user_modified ON herbalife_dev.ci_modulos (id_user_modified);
CREATE INDEX id_user_created ON herbalife_dev.ci_modulos (id_user_created);
INSERT INTO herbalife_dev.ci_modulos (id_modulo, id_opcion_modulo, id_opcion_roles, titulo, tabla, listed, descripcion, icon, url, estado, change_count, id_user_modified, id_user_created, date_modified, date_created) VALUES (11, 5, 1, 'Modulos', 'ci_modulos', '0', '', '', 'base/modulos', '', 0, 1, 1, '2018-07-20 02:23:12', '2018-06-16 01:56:00');
INSERT INTO herbalife_dev.ci_modulos (id_modulo, id_opcion_modulo, id_opcion_roles, titulo, tabla, listed, descripcion, icon, url, estado, change_count, id_user_modified, id_user_created, date_modified, date_created) VALUES (12, 5, 1, 'Opciones del Sistema', 'ci_options', '0', '', '', 'base/options', '', 0, 1, 1, '2018-07-20 02:23:00', '2018-06-16 01:56:06');
INSERT INTO herbalife_dev.ci_modulos (id_modulo, id_opcion_modulo, id_opcion_roles, titulo, tabla, listed, descripcion, icon, url, estado, change_count, id_user_modified, id_user_created, date_modified, date_created) VALUES (13, 5, 1, 'Sesiones del Sistema', 'ci_sessions', '0', '', '', 'base/sessions', '', 0, 1, 1, '2018-07-20 02:22:47', '2018-06-18 02:35:51');
INSERT INTO herbalife_dev.ci_modulos (id_modulo, id_opcion_modulo, id_opcion_roles, titulo, tabla, listed, descripcion, icon, url, estado, change_count, id_user_modified, id_user_created, date_modified, date_created) VALUES (14, 5, 1, 'Configuraciones del Sistema', 'ci_settings', '0', '', '', 'base/settings', '', 0, 1, 1, '2018-07-20 02:22:27', '2018-06-16 01:56:16');
INSERT INTO herbalife_dev.ci_modulos (id_modulo, id_opcion_modulo, id_opcion_roles, titulo, tabla, listed, descripcion, icon, url, estado, change_count, id_user_modified, id_user_created, date_modified, date_created) VALUES (15, 23, 1, 'Usuarios', 'ci_usuarios', '0', '', '', 'base/usuarios', '', 0, 1, 1, '2018-07-20 02:21:53', '2018-06-16 01:56:26');
INSERT INTO herbalife_dev.ci_modulos (id_modulo, id_opcion_modulo, id_opcion_roles, titulo, tabla, listed, descripcion, icon, url, estado, change_count, id_user_modified, id_user_created, date_modified, date_created) VALUES (31, 4, 1, 'Clubs', 'hbf_clubs', '0', '', '', 'admin/clubs', '', 0, 1, 1, '2018-07-20 02:21:41', '2018-06-16 10:40:27');
INSERT INTO herbalife_dev.ci_modulos (id_modulo, id_opcion_modulo, id_opcion_roles, titulo, tabla, listed, descripcion, icon, url, estado, change_count, id_user_modified, id_user_created, date_modified, date_created) VALUES (32, 3, 7, 'Comandas', 'hbf_comandas', '0', '', '', 'admin/comandas', '', 0, 1, 1, '2018-07-20 02:20:52', '2018-06-16 10:40:29');
INSERT INTO herbalife_dev.ci_modulos (id_modulo, id_opcion_modulo, id_opcion_roles, titulo, tabla, listed, descripcion, icon, url, estado, change_count, id_user_modified, id_user_created, date_modified, date_created) VALUES (33, 21, 7, 'Detalles de Pedidos', 'hbf_detalles_pedidos', '0', '', '', 'admin/detalles_pedidos', '', 0, 1, 1, '2018-07-20 02:20:42', '2018-06-16 10:40:51');
INSERT INTO herbalife_dev.ci_modulos (id_modulo, id_opcion_modulo, id_opcion_roles, titulo, tabla, listed, descripcion, icon, url, estado, change_count, id_user_modified, id_user_created, date_modified, date_created) VALUES (34, 2, 6, 'Egresos', 'hbf_egresos', '0', '', '', 'admin/egresos', '', 0, 1, 1, '2018-07-20 02:19:49', '2018-06-16 10:41:09');
INSERT INTO herbalife_dev.ci_modulos (id_modulo, id_opcion_modulo, id_opcion_roles, titulo, tabla, listed, descripcion, icon, url, estado, change_count, id_user_modified, id_user_created, date_modified, date_created) VALUES (35, 2, 6, 'Ingresos', 'hbf_ingresos', '0', '', '', 'admin/ingresos', '', 0, 1, 1, '2018-07-20 02:19:37', '2018-06-16 10:41:33');
INSERT INTO herbalife_dev.ci_modulos (id_modulo, id_opcion_modulo, id_opcion_roles, titulo, tabla, listed, descripcion, icon, url, estado, change_count, id_user_modified, id_user_created, date_modified, date_created) VALUES (36, 24, 6, 'Porciones', 'hbf_porciones', '0', '', '', 'admin/porciones', '', 0, 1, 1, '2018-07-20 02:20:26', '2018-06-16 10:41:58');
INSERT INTO herbalife_dev.ci_modulos (id_modulo, id_opcion_modulo, id_opcion_roles, titulo, tabla, listed, descripcion, icon, url, estado, change_count, id_user_modified, id_user_created, date_modified, date_created) VALUES (37, 22, 6, 'Prepagos', 'hbf_prepagos', '0', '', '', 'admin/prepagos', '', 0, 1, 1, '2018-07-20 02:19:18', '2018-06-16 10:42:04');
INSERT INTO herbalife_dev.ci_modulos (id_modulo, id_opcion_modulo, id_opcion_roles, titulo, tabla, listed, descripcion, icon, url, estado, change_count, id_user_modified, id_user_created, date_modified, date_created) VALUES (38, 24, 6, 'Productos', 'hbf_productos', '0', '', '', 'admin/productos', '', 0, 1, 1, '2018-07-20 02:20:12', '2018-06-16 10:42:29');
INSERT INTO herbalife_dev.ci_modulos (id_modulo, id_opcion_modulo, id_opcion_roles, titulo, tabla, listed, descripcion, icon, url, estado, change_count, id_user_modified, id_user_created, date_modified, date_created) VALUES (39, 4, 7, 'Sesiones', 'hbf_sesiones', '0', '', '', 'admin/sesiones', '', 0, 1, 1, '2018-07-20 02:21:27', '2018-06-16 10:42:41');
INSERT INTO herbalife_dev.ci_modulos (id_modulo, id_opcion_modulo, id_opcion_roles, titulo, tabla, listed, descripcion, icon, url, estado, change_count, id_user_modified, id_user_created, date_modified, date_created) VALUES (310, 4, 6, 'Turnos', 'hbf_turnos', '0', '', '', 'admin/turnos', '', 0, 1, 1, '2018-07-20 02:21:02', '2018-06-16 10:42:53');
INSERT INTO herbalife_dev.ci_modulos (id_modulo, id_opcion_modulo, id_opcion_roles, titulo, tabla, listed, descripcion, icon, url, estado, change_count, id_user_modified, id_user_created, date_modified, date_created) VALUES (311, 24, 7, 'Vasos', 'hbf_vasos', '0', '', '', 'admin/vasos', '', 0, 1, 1, '2018-07-20 02:20:00', '2018-06-16 10:43:02');
INSERT INTO herbalife_dev.ci_modulos (id_modulo, id_opcion_modulo, id_opcion_roles, titulo, tabla, listed, descripcion, icon, url, estado, change_count, id_user_modified, id_user_created, date_modified, date_created) VALUES (312, 3, 6, 'Ventas', 'hbf_ventas', '0', '', '', 'admin/ventas', '', 0, 1, 1, '2018-07-20 02:19:00', '2018-06-16 10:43:17');
CREATE TABLE herbalife_dev.ci_options
(
    id_option int(10) unsigned PRIMARY KEY NOT NULL AUTO_INCREMENT,
    nombre varchar(250),
    descripcion varchar(250) COMMENT '{"validate":0}',
    id_setting int(10) unsigned COMMENT '{"label":"Opcion para","input":"dropdown","selectBy":["nombre"]}',
    nivel varchar(200) COMMENT '{"label":"Nivel de usuario","input":"radios","options":["Baja","Media","Alta"]}',
    precio decimal(10),
    num_fichas int(11),
    id_modulo int(11),
    edit_tag varchar(250),
    estado varchar(15) DEFAULT 'ENABLED',
    change_count int(11) DEFAULT '0',
    id_user_modified int(10) unsigned NOT NULL,
    id_user_created int(10) unsigned NOT NULL,
    date_modified datetime NOT NULL,
    date_created datetime NOT NULL,
    CONSTRAINT ci_options_ibfk_3 FOREIGN KEY (id_setting) REFERENCES herbalife_dev.ci_settings (id_setting),
    CONSTRAINT ci_options_ibfk_2 FOREIGN KEY (id_user_modified) REFERENCES herbalife_dev.ci_usuarios (id_usuario),
    CONSTRAINT ci_options_ibfk_1 FOREIGN KEY (id_user_created) REFERENCES herbalife_dev.ci_usuarios (id_usuario)
);
CREATE INDEX ci_options_ibfk_3 ON herbalife_dev.ci_options (id_setting);
CREATE INDEX hbf_opciones_ibfk_2 ON herbalife_dev.ci_options (id_user_modified);
CREATE INDEX hbf_opciones_ibfk_1 ON herbalife_dev.ci_options (id_user_created);
INSERT INTO herbalife_dev.ci_options (id_option, nombre, descripcion, id_setting, nivel, precio, num_fichas, id_modulo, edit_tag, estado, change_count, id_user_modified, id_user_created, date_modified, date_created) VALUES (1, 'Super Admin', 'Super Admin', 4, null, null, null, null, null, 'ENABLED', 0, 1, 1, '2018-06-15 19:56:11', '2018-06-15 00:11:44');
INSERT INTO herbalife_dev.ci_options (id_option, nombre, descripcion, id_setting, nivel, precio, num_fichas, id_modulo, edit_tag, estado, change_count, id_user_modified, id_user_created, date_modified, date_created) VALUES (2, 'Administracion', 'Modulo para el control financiero del club', 1, null, null, null, null, null, 'ENABLED', 0, 1, 1, '2018-06-15 02:07:39', '2018-06-15 02:07:39');
INSERT INTO herbalife_dev.ci_options (id_option, nombre, descripcion, id_setting, nivel, precio, num_fichas, id_modulo, edit_tag, estado, change_count, id_user_modified, id_user_created, date_modified, date_created) VALUES (3, 'Caja', 'Modulo para la administracion de los pedidos del club', 1, null, null, null, null, null, 'ENABLED', 0, 1, 1, '2018-06-15 02:08:19', '2018-06-15 02:08:19');
INSERT INTO herbalife_dev.ci_options (id_option, nombre, descripcion, id_setting, nivel, precio, num_fichas, id_modulo, edit_tag, estado, change_count, id_user_modified, id_user_created, date_modified, date_created) VALUES (4, 'Sucursales', 'Modulo para la administracion de clubs herbalife', 1, null, null, null, null, null, 'ENABLED', 0, 1, 1, '2018-06-15 02:09:19', '2018-06-15 02:09:19');
INSERT INTO herbalife_dev.ci_options (id_option, nombre, descripcion, id_setting, nivel, precio, num_fichas, id_modulo, edit_tag, estado, change_count, id_user_modified, id_user_created, date_modified, date_created) VALUES (5, 'Sistema', 'Modulo para las configuraciones del Sistema herbalife', 1, null, null, null, null, null, 'ENABLED', 0, 1, 1, '2018-06-15 02:09:55', '2018-06-15 02:09:55');
INSERT INTO herbalife_dev.ci_options (id_option, nombre, descripcion, id_setting, nivel, precio, num_fichas, id_modulo, edit_tag, estado, change_count, id_user_modified, id_user_created, date_modified, date_created) VALUES (6, 'Admin', 'Dueño del club', 4, null, null, null, null, null, 'ENABLED', 0, 1, 1, '2018-06-15 19:55:49', '2018-06-15 19:55:49');
INSERT INTO herbalife_dev.ci_options (id_option, nombre, descripcion, id_setting, nivel, precio, num_fichas, id_modulo, edit_tag, estado, change_count, id_user_modified, id_user_created, date_modified, date_created) VALUES (7, 'Estudiante', 'Empleado del club', 4, null, null, null, null, null, 'ENABLED', 0, 1, 1, '2018-06-15 19:56:38', '2018-06-15 19:56:38');
INSERT INTO herbalife_dev.ci_options (id_option, nombre, descripcion, id_setting, nivel, precio, num_fichas, id_modulo, edit_tag, estado, change_count, id_user_modified, id_user_created, date_modified, date_created) VALUES (8, 'Usuario Borrador', 'Usuario sin informacion', 5, null, null, null, null, 'edit-draft', 'ENABLED', 0, 1, 1, '2018-06-18 20:44:40', '2018-06-18 02:40:16');
INSERT INTO herbalife_dev.ci_options (id_option, nombre, descripcion, id_setting, nivel, precio, num_fichas, id_modulo, edit_tag, estado, change_count, id_user_modified, id_user_created, date_modified, date_created) VALUES (9, 'Cliente', 'Persona que asiste al club', 5, null, null, null, null, 'edit-cliente', 'ENABLED', 0, 1, 1, '2018-06-18 20:42:21', '2018-06-18 20:42:21');
INSERT INTO herbalife_dev.ci_options (id_option, nombre, descripcion, id_setting, nivel, precio, num_fichas, id_modulo, edit_tag, estado, change_count, id_user_modified, id_user_created, date_modified, date_created) VALUES (10, 'Inicial', 'Usuario con datos basicos', 5, null, null, null, null, 'edit-ini', 'ENABLED', 0, 1, 1, '2018-06-19 16:53:32', '2018-06-19 16:53:32');
INSERT INTO herbalife_dev.ci_options (id_option, nombre, descripcion, id_setting, nivel, precio, num_fichas, id_modulo, edit_tag, estado, change_count, id_user_modified, id_user_created, date_modified, date_created) VALUES (11, 'Interna', 'Categoría Interna', 7, null, null, null, null, null, 'ENABLED', 0, 1, 1, '2018-06-21 22:10:21', '2018-06-21 22:10:21');
INSERT INTO herbalife_dev.ci_options (id_option, nombre, descripcion, id_setting, nivel, precio, num_fichas, id_modulo, edit_tag, estado, change_count, id_user_modified, id_user_created, date_modified, date_created) VALUES (12, 'Externa', 'Categoría Externa', 7, null, null, null, null, null, 'ENABLED', 0, 1, 1, '2018-06-21 22:10:45', '2018-06-21 22:10:45');
INSERT INTO herbalife_dev.ci_options (id_option, nombre, descripcion, id_setting, nivel, precio, num_fichas, id_modulo, edit_tag, estado, change_count, id_user_modified, id_user_created, date_modified, date_created) VALUES (13, 'Promocion', 'Categoría Promocion', 7, null, null, null, null, null, 'ENABLED', 0, 1, 1, '2018-06-21 22:10:59', '2018-06-21 22:10:59');
INSERT INTO herbalife_dev.ci_options (id_option, nombre, descripcion, id_setting, nivel, precio, num_fichas, id_modulo, edit_tag, estado, change_count, id_user_modified, id_user_created, date_modified, date_created) VALUES (14, 'Batido', 'Productos del tipo batido', 6, null, null, null, null, null, 'ENABLED', 0, 1, 1, '2018-06-21 22:12:06', '2018-06-21 22:12:06');
INSERT INTO herbalife_dev.ci_options (id_option, nombre, descripcion, id_setting, nivel, precio, num_fichas, id_modulo, edit_tag, estado, change_count, id_user_modified, id_user_created, date_modified, date_created) VALUES (15, 'Te', 'Productos del tipo te', 6, null, null, null, null, null, 'ENABLED', 0, 1, 1, '2018-06-21 22:12:30', '2018-06-21 22:12:30');
INSERT INTO herbalife_dev.ci_options (id_option, nombre, descripcion, id_setting, nivel, precio, num_fichas, id_modulo, edit_tag, estado, change_count, id_user_modified, id_user_created, date_modified, date_created) VALUES (16, 'Aloe', 'Productos del tipo aloe', 6, null, null, null, null, null, 'ENABLED', 0, 1, 1, '2018-06-21 22:16:07', '2018-06-21 22:12:46');
INSERT INTO herbalife_dev.ci_options (id_option, nombre, descripcion, id_setting, nivel, precio, num_fichas, id_modulo, edit_tag, estado, change_count, id_user_modified, id_user_created, date_modified, date_created) VALUES (17, 'Datos Basicos', 'Turno con datos basicos', 10, '1', null, null, null, 'edit-ini', 'ENABLED', 0, 1, 1, '2018-06-21 23:39:01', '2018-06-21 23:39:01');
INSERT INTO herbalife_dev.ci_options (id_option, nombre, descripcion, id_setting, nivel, precio, num_fichas, id_modulo, edit_tag, estado, change_count, id_user_modified, id_user_created, date_modified, date_created) VALUES (18, 'Datos Basicos', 'Sesion con datos basicos', 9, '0', null, null, null, 'edit-ini', 'ENABLED', 0, 1, 1, '2018-06-21 23:39:33', '2018-06-21 23:39:33');
INSERT INTO herbalife_dev.ci_options (id_option, nombre, descripcion, id_setting, nivel, precio, num_fichas, id_modulo, edit_tag, estado, change_count, id_user_modified, id_user_created, date_modified, date_created) VALUES (19, 'estudiante', 'Persona que empieza en herbalife', 2, null, null, null, null, null, 'ENABLED', 0, 1, 1, '2018-09-12 21:07:54', '2018-09-12 21:07:54');
INSERT INTO herbalife_dev.ci_options (id_option, nombre, descripcion, id_setting, nivel, precio, num_fichas, id_modulo, edit_tag, estado, change_count, id_user_modified, id_user_created, date_modified, date_created) VALUES (20, 'socio junior', 'El nivel mas bajo de herbalife', 3, null, null, null, null, null, 'ENABLED', 0, 1, 1, '2018-09-12 21:08:28', '2018-09-12 21:08:28');
INSERT INTO herbalife_dev.ci_options (id_option, nombre, descripcion, id_setting, nivel, precio, num_fichas, id_modulo, edit_tag, estado, change_count, id_user_modified, id_user_created, date_modified, date_created) VALUES (21, 'Reportes', 'Modulo para la administracion de Clientes del club', 1, null, null, null, null, null, 'ENABLED', 0, 1, 1, '2018-06-15 02:08:19', '2018-06-15 02:08:19');
INSERT INTO herbalife_dev.ci_options (id_option, nombre, descripcion, id_setting, nivel, precio, num_fichas, id_modulo, edit_tag, estado, change_count, id_user_modified, id_user_created, date_modified, date_created) VALUES (22, 'Promociones', 'Modulo para la administracion de las promociones del club', 1, null, null, null, null, null, 'ENABLED', 0, 1, 1, '2018-06-15 02:08:19', '2018-06-15 02:08:19');
INSERT INTO herbalife_dev.ci_options (id_option, nombre, descripcion, id_setting, nivel, precio, num_fichas, id_modulo, edit_tag, estado, change_count, id_user_modified, id_user_created, date_modified, date_created) VALUES (23, 'Recursos Humanos', 'Modulo para la administracion del personal del club', 1, null, null, null, null, null, 'ENABLED', 0, 1, 1, '2018-06-15 02:08:19', '2018-06-15 02:08:19');
INSERT INTO herbalife_dev.ci_options (id_option, nombre, descripcion, id_setting, nivel, precio, num_fichas, id_modulo, edit_tag, estado, change_count, id_user_modified, id_user_created, date_modified, date_created) VALUES (24, 'Inventario', 'Modulo para la administracion de los productos', 1, null, null, null, null, null, 'ENABLED', 0, 1, 1, '2018-06-15 02:08:19', '2018-06-15 02:08:19');
INSERT INTO herbalife_dev.ci_options (id_option, nombre, descripcion, id_setting, nivel, precio, num_fichas, id_modulo, edit_tag, estado, change_count, id_user_modified, id_user_created, date_modified, date_created) VALUES (25, 'magali', 'administradora del sistema', 8, null, 150, 10, null, null, 'ENABLED', 0, 1, 1, '2018-09-18 12:16:55', '2018-09-18 12:16:55');
INSERT INTO herbalife_dev.ci_options (id_option, nombre, descripcion, id_setting, nivel, precio, num_fichas, id_modulo, edit_tag, estado, change_count, id_user_modified, id_user_created, date_modified, date_created) VALUES (26, 'Cliente', 'Cliente que asiste al club', 4, null, null, null, null, null, 'ENABLED', 0, 1, 1, '2018-06-15 19:56:38', '2018-06-15 19:56:38');
CREATE TABLE herbalife_dev.ci_sessions
(
    id varchar(128) PRIMARY KEY NOT NULL,
    ip_address varchar(45) NOT NULL,
    timestamp int(10) unsigned DEFAULT '0' NOT NULL,
    data blob NOT NULL COMMENT '{"label":"Datos en sesion","input":"textarea"}',
    last_activity datetime NOT NULL,
    id_usuario int(11) unsigned COMMENT '{"label":"Nombre del Usuario","selectBy":["nombre","apellido"]}',
    id_hbf_sesion int(10) unsigned COMMENT '{"label":"Sesion de","selectBy":"id_asociado"}',
    CONSTRAINT ci_sessions_ibfk_1 FOREIGN KEY (id_usuario) REFERENCES herbalife_dev.ci_usuarios (id_usuario),
    CONSTRAINT ci_sessions_ibfk_2 FOREIGN KEY (id_hbf_sesion) REFERENCES herbalife_dev.hbf_sesiones (id_sesion)
);
CREATE INDEX ci_sessions_ibfk_1 ON herbalife_dev.ci_sessions (id_usuario);
CREATE INDEX id_hbf_sesion ON herbalife_dev.ci_sessions (id_hbf_sesion);
INSERT INTO herbalife_dev.ci_sessions (id, ip_address, timestamp, data, last_activity, id_usuario, id_hbf_sesion) VALUES ('0cturnsn1va0168lhf7669u6ml', '127.0.0.1', 1539654485, 0x5F5F63695F6C6173745F726567656E65726174657C693A313533393635343438343B61646D696E5F6C6F67676564696E7C613A373A7B733A31303A2269645F7573756172696F223B733A323A223132223B733A353A22656D61696C223B733A31343A226D61677940676D61696C2E636F6D223B733A383A2270617373776F7264223B733A3132383A223335626236623232393263353433613362656134373936303665363735356139303334616361336664306133626530323138303839306164356561363733613333346465633832666563333836383830623730313061636537346534393537643962626636653763306539313832363438383936613566643939346631306134223B733A31343A2269645F6F7063696F6E5F726F6C65223B733A313A2231223B733A363A226E6F6D627265223B733A363A226D6167616C69223B733A383A226170656C6C69646F223B733A343A2276657261223B733A383A226C6F67676564696E223B623A313B7D, null, null, null);
INSERT INTO herbalife_dev.ci_sessions (id, ip_address, timestamp, data, last_activity, id_usuario, id_hbf_sesion) VALUES ('0jp7qoadbkt1brtbbqkpa3en5q', '127.0.0.1', 1539310848, 0x5F5F63695F6C6173745F726567656E65726174657C693A313533393331303834383B61646D696E5F6C6F67676564696E7C613A373A7B733A31303A2269645F7573756172696F223B733A323A223132223B733A353A22656D61696C223B733A31343A226D61677940676D61696C2E636F6D223B733A383A2270617373776F7264223B733A3132383A223335626236623232393263353433613362656134373936303665363735356139303334616361336664306133626530323138303839306164356561363733613333346465633832666563333836383830623730313061636537346534393537643962626636653763306539313832363438383936613566643939346631306134223B733A31343A2269645F6F7063696F6E5F726F6C65223B733A313A2231223B733A363A226E6F6D627265223B733A363A226D6167616C69223B733A383A226170656C6C69646F223B733A343A2276657261223B733A383A226C6F67676564696E223B623A313B7D, null, null, null);
INSERT INTO herbalife_dev.ci_sessions (id, ip_address, timestamp, data, last_activity, id_usuario, id_hbf_sesion) VALUES ('14t6s04tt96lcc2l4uua3ugs36', '127.0.0.1', 1539310316, 0x5F5F63695F6C6173745F726567656E65726174657C693A313533393331303331363B61646D696E5F6C6F67676564696E7C613A373A7B733A31303A2269645F7573756172696F223B733A323A223132223B733A353A22656D61696C223B733A31343A226D61677940676D61696C2E636F6D223B733A383A2270617373776F7264223B733A3132383A223335626236623232393263353433613362656134373936303665363735356139303334616361336664306133626530323138303839306164356561363733613333346465633832666563333836383830623730313061636537346534393537643962626636653763306539313832363438383936613566643939346631306134223B733A31343A2269645F6F7063696F6E5F726F6C65223B733A313A2231223B733A363A226E6F6D627265223B733A363A226D6167616C69223B733A383A226170656C6C69646F223B733A343A2276657261223B733A383A226C6F67676564696E223B623A313B7D, null, null, null);
INSERT INTO herbalife_dev.ci_sessions (id, ip_address, timestamp, data, last_activity, id_usuario, id_hbf_sesion) VALUES ('17vj14rumprk4lfea0i804c6ik', '127.0.0.1', 1547515791, 0x5F5F63695F6C6173745F726567656E65726174657C693A313534373531353739313B61646D696E5F6C6F67676564696E7C613A373A7B733A31303A2269645F7573756172696F223B733A323A223132223B733A353A22656D61696C223B733A31343A226D61677940676D61696C2E636F6D223B733A383A2270617373776F7264223B733A3132383A223335626236623232393263353433613362656134373936303665363735356139303334616361336664306133626530323138303839306164356561363733613333346465633832666563333836383830623730313061636537346534393537643962626636653763306539313832363438383936613566643939346631306134223B733A31343A2269645F6F7063696F6E5F726F6C65223B733A313A2231223B733A363A226E6F6D627265223B733A363A226D6167616C69223B733A383A226170656C6C69646F223B733A343A2276657261223B733A383A226C6F67676564696E223B623A313B7D, null, null, null);
INSERT INTO herbalife_dev.ci_sessions (id, ip_address, timestamp, data, last_activity, id_usuario, id_hbf_sesion) VALUES ('1fdmhav9nr4elmvekpb1roarba', '127.0.0.1', 1547514472, 0x5F5F63695F6C6173745F726567656E65726174657C693A313534373531343437323B61646D696E5F6C6F67676564696E7C613A373A7B733A31303A2269645F7573756172696F223B733A323A223132223B733A353A22656D61696C223B733A31343A226D61677940676D61696C2E636F6D223B733A383A2270617373776F7264223B733A3132383A223335626236623232393263353433613362656134373936303665363735356139303334616361336664306133626530323138303839306164356561363733613333346465633832666563333836383830623730313061636537346534393537643962626636653763306539313832363438383936613566643939346631306134223B733A31343A2269645F6F7063696F6E5F726F6C65223B733A313A2231223B733A363A226E6F6D627265223B733A363A226D6167616C69223B733A383A226170656C6C69646F223B733A343A2276657261223B733A383A226C6F67676564696E223B623A313B7D, null, null, null);
INSERT INTO herbalife_dev.ci_sessions (id, ip_address, timestamp, data, last_activity, id_usuario, id_hbf_sesion) VALUES ('2uuophih5dpt3ooomsf9aba6i7', '127.0.0.1', 1540851729, 0x5F5F63695F6C6173745F726567656E65726174657C693A313534303835313732383B, null, null, null);
INSERT INTO herbalife_dev.ci_sessions (id, ip_address, timestamp, data, last_activity, id_usuario, id_hbf_sesion) VALUES ('3r0omvlqi6mbu0aj9g0abl5t2a', '127.0.0.1', 1539388530, 0x5F5F63695F6C6173745F726567656E65726174657C693A313533393338383531393B61646D696E5F6C6F67676564696E7C613A373A7B733A31303A2269645F7573756172696F223B733A323A223132223B733A353A22656D61696C223B733A31343A226D61677940676D61696C2E636F6D223B733A383A2270617373776F7264223B733A3132383A223335626236623232393263353433613362656134373936303665363735356139303334616361336664306133626530323138303839306164356561363733613333346465633832666563333836383830623730313061636537346534393537643962626636653763306539313832363438383936613566643939346631306134223B733A31343A2269645F6F7063696F6E5F726F6C65223B733A313A2231223B733A363A226E6F6D627265223B733A363A226D6167616C69223B733A383A226170656C6C69646F223B733A343A2276657261223B733A383A226C6F67676564696E223B623A313B7D, null, null, null);
INSERT INTO herbalife_dev.ci_sessions (id, ip_address, timestamp, data, last_activity, id_usuario, id_hbf_sesion) VALUES ('4doledgpbvkkbp0dng1tqq6ko4', '127.0.0.1', 1553035549, 0x5F5F63695F6C6173745F726567656E65726174657C693A313535333033353439333B61646D696E5F6C6F67676564696E7C613A373A7B733A31303A2269645F7573756172696F223B733A323A223132223B733A353A22656D61696C223B733A31343A226D61677940676D61696C2E636F6D223B733A383A2270617373776F7264223B733A3132383A223335626236623232393263353433613362656134373936303665363735356139303334616361336664306133626530323138303839306164356561363733613333346465633832666563333836383830623730313061636537346534393537643962626636653763306539313832363438383936613566643939346631306134223B733A31343A2269645F6F7063696F6E5F726F6C65223B733A313A2231223B733A363A226E6F6D627265223B733A363A226D6167616C69223B733A383A226170656C6C69646F223B733A343A2276657261223B733A383A226C6F67676564696E223B623A313B7D, null, null, null);
INSERT INTO herbalife_dev.ci_sessions (id, ip_address, timestamp, data, last_activity, id_usuario, id_hbf_sesion) VALUES ('5ge2439tf0mepvhc83dt0d2fuh', '127.0.0.1', 1540854019, 0x5F5F63695F6C6173745F726567656E65726174657C693A313534303835343031393B61646D696E5F6C6F67676564696E7C613A373A7B733A31303A2269645F7573756172696F223B733A323A223132223B733A353A22656D61696C223B733A31343A226D61677940676D61696C2E636F6D223B733A383A2270617373776F7264223B733A3132383A223335626236623232393263353433613362656134373936303665363735356139303334616361336664306133626530323138303839306164356561363733613333346465633832666563333836383830623730313061636537346534393537643962626636653763306539313832363438383936613566643939346631306134223B733A31343A2269645F6F7063696F6E5F726F6C65223B733A313A2231223B733A363A226E6F6D627265223B733A363A226D6167616C69223B733A383A226170656C6C69646F223B733A343A2276657261223B733A383A226C6F67676564696E223B623A313B7D, null, null, null);
INSERT INTO herbalife_dev.ci_sessions (id, ip_address, timestamp, data, last_activity, id_usuario, id_hbf_sesion) VALUES ('6e5qr3rvqb7qj64m81big9nnbv', '127.0.0.1', 1539309530, 0x5F5F63695F6C6173745F726567656E65726174657C693A313533393330393532393B61646D696E5F6C6F67676564696E7C613A373A7B733A31303A2269645F7573756172696F223B733A323A223132223B733A353A22656D61696C223B733A31343A226D61677940676D61696C2E636F6D223B733A383A2270617373776F7264223B733A3132383A223335626236623232393263353433613362656134373936303665363735356139303334616361336664306133626530323138303839306164356561363733613333346465633832666563333836383830623730313061636537346534393537643962626636653763306539313832363438383936613566643939346631306134223B733A31343A2269645F6F7063696F6E5F726F6C65223B733A313A2231223B733A363A226E6F6D627265223B733A363A226D6167616C69223B733A383A226170656C6C69646F223B733A343A2276657261223B733A383A226C6F67676564696E223B623A313B7D, null, null, null);
INSERT INTO herbalife_dev.ci_sessions (id, ip_address, timestamp, data, last_activity, id_usuario, id_hbf_sesion) VALUES ('70odkgbk1f56v4kedsa230du66', '127.0.0.1', 1548872439, 0x5F5F63695F6C6173745F726567656E65726174657C693A313534383837323433373B, null, null, null);
INSERT INTO herbalife_dev.ci_sessions (id, ip_address, timestamp, data, last_activity, id_usuario, id_hbf_sesion) VALUES ('712mdb51amikp3s9ekbeqlqjha', '127.0.0.1', 1539312905, 0x5F5F63695F6C6173745F726567656E65726174657C693A313533393331323930353B61646D696E5F6C6F67676564696E7C613A373A7B733A31303A2269645F7573756172696F223B733A323A223132223B733A353A22656D61696C223B733A31343A226D61677940676D61696C2E636F6D223B733A383A2270617373776F7264223B733A3132383A223335626236623232393263353433613362656134373936303665363735356139303334616361336664306133626530323138303839306164356561363733613333346465633832666563333836383830623730313061636537346534393537643962626636653763306539313832363438383936613566643939346631306134223B733A31343A2269645F6F7063696F6E5F726F6C65223B733A313A2231223B733A363A226E6F6D627265223B733A363A226D6167616C69223B733A383A226170656C6C69646F223B733A343A2276657261223B733A383A226C6F67676564696E223B623A313B7D, null, null, null);
INSERT INTO herbalife_dev.ci_sessions (id, ip_address, timestamp, data, last_activity, id_usuario, id_hbf_sesion) VALUES ('7bimk5fjc231cui0vbk2jssrpo', '127.0.0.1', 1539308039, 0x5F5F63695F6C6173745F726567656E65726174657C693A313533393330383033393B61646D696E5F6C6F67676564696E7C613A373A7B733A31303A2269645F7573756172696F223B733A323A223132223B733A353A22656D61696C223B733A31343A226D61677940676D61696C2E636F6D223B733A383A2270617373776F7264223B733A3132383A223335626236623232393263353433613362656134373936303665363735356139303334616361336664306133626530323138303839306164356561363733613333346465633832666563333836383830623730313061636537346534393537643962626636653763306539313832363438383936613566643939346631306134223B733A31343A2269645F6F7063696F6E5F726F6C65223B733A313A2231223B733A363A226E6F6D627265223B733A363A226D6167616C69223B733A383A226170656C6C69646F223B733A343A2276657261223B733A383A226C6F67676564696E223B623A313B7D, null, null, null);
INSERT INTO herbalife_dev.ci_sessions (id, ip_address, timestamp, data, last_activity, id_usuario, id_hbf_sesion) VALUES ('7lv07glj07fokki3b1b71a2doi', '127.0.0.1', 1539309130, 0x5F5F63695F6C6173745F726567656E65726174657C693A313533393330393133303B61646D696E5F6C6F67676564696E7C613A373A7B733A31303A2269645F7573756172696F223B733A323A223132223B733A353A22656D61696C223B733A31343A226D61677940676D61696C2E636F6D223B733A383A2270617373776F7264223B733A3132383A223335626236623232393263353433613362656134373936303665363735356139303334616361336664306133626530323138303839306164356561363733613333346465633832666563333836383830623730313061636537346534393537643962626636653763306539313832363438383936613566643939346631306134223B733A31343A2269645F6F7063696F6E5F726F6C65223B733A313A2231223B733A363A226E6F6D627265223B733A363A226D6167616C69223B733A383A226170656C6C69646F223B733A343A2276657261223B733A383A226C6F67676564696E223B623A313B7D, null, null, null);
INSERT INTO herbalife_dev.ci_sessions (id, ip_address, timestamp, data, last_activity, id_usuario, id_hbf_sesion) VALUES ('8fohiujhinb694vi19krgv51aq', '127.0.0.1', 1552780375, 0x5F5F63695F6C6173745F726567656E65726174657C693A313535323738303336383B61646D696E5F6C6F67676564696E7C613A373A7B733A31303A2269645F7573756172696F223B733A323A223132223B733A353A22656D61696C223B733A31343A226D61677940676D61696C2E636F6D223B733A383A2270617373776F7264223B733A3132383A223335626236623232393263353433613362656134373936303665363735356139303334616361336664306133626530323138303839306164356561363733613333346465633832666563333836383830623730313061636537346534393537643962626636653763306539313832363438383936613566643939346631306134223B733A31343A2269645F6F7063696F6E5F726F6C65223B733A313A2231223B733A363A226E6F6D627265223B733A363A226D6167616C69223B733A383A226170656C6C69646F223B733A343A2276657261223B733A383A226C6F67676564696E223B623A313B7D, null, null, null);
INSERT INTO herbalife_dev.ci_sessions (id, ip_address, timestamp, data, last_activity, id_usuario, id_hbf_sesion) VALUES ('8rg2b1kr0dkc7bttj3fj7e0vdt', '127.0.0.1', 1539387704, 0x5F5F63695F6C6173745F726567656E65726174657C693A313533393338373730343B61646D696E5F6C6F67676564696E7C613A373A7B733A31303A2269645F7573756172696F223B733A323A223132223B733A353A22656D61696C223B733A31343A226D61677940676D61696C2E636F6D223B733A383A2270617373776F7264223B733A3132383A223335626236623232393263353433613362656134373936303665363735356139303334616361336664306133626530323138303839306164356561363733613333346465633832666563333836383830623730313061636537346534393537643962626636653763306539313832363438383936613566643939346631306134223B733A31343A2269645F6F7063696F6E5F726F6C65223B733A313A2231223B733A363A226E6F6D627265223B733A363A226D6167616C69223B733A383A226170656C6C69646F223B733A343A2276657261223B733A383A226C6F67676564696E223B623A313B7D, null, null, null);
INSERT INTO herbalife_dev.ci_sessions (id, ip_address, timestamp, data, last_activity, id_usuario, id_hbf_sesion) VALUES ('8s1t2bpf928hn03lqvg5d49a2j', '127.0.0.1', 1539313498, 0x5F5F63695F6C6173745F726567656E65726174657C693A313533393331333238363B61646D696E5F6C6F67676564696E7C613A373A7B733A31303A2269645F7573756172696F223B733A323A223132223B733A353A22656D61696C223B733A31343A226D61677940676D61696C2E636F6D223B733A383A2270617373776F7264223B733A3132383A223335626236623232393263353433613362656134373936303665363735356139303334616361336664306133626530323138303839306164356561363733613333346465633832666563333836383830623730313061636537346534393537643962626636653763306539313832363438383936613566643939346631306134223B733A31343A2269645F6F7063696F6E5F726F6C65223B733A313A2231223B733A363A226E6F6D627265223B733A363A226D6167616C69223B733A383A226170656C6C69646F223B733A343A2276657261223B733A383A226C6F67676564696E223B623A313B7D, null, null, null);
INSERT INTO herbalife_dev.ci_sessions (id, ip_address, timestamp, data, last_activity, id_usuario, id_hbf_sesion) VALUES ('9eeq7i14tif0inkoj3tmn5qd2s', '127.0.0.1', 1539655327, 0x5F5F63695F6C6173745F726567656E65726174657C693A313533393635353332373B61646D696E5F6C6F67676564696E7C613A373A7B733A31303A2269645F7573756172696F223B733A323A223132223B733A353A22656D61696C223B733A31343A226D61677940676D61696C2E636F6D223B733A383A2270617373776F7264223B733A3132383A223335626236623232393263353433613362656134373936303665363735356139303334616361336664306133626530323138303839306164356561363733613333346465633832666563333836383830623730313061636537346534393537643962626636653763306539313832363438383936613566643939346631306134223B733A31343A2269645F6F7063696F6E5F726F6C65223B733A313A2231223B733A363A226E6F6D627265223B733A363A226D6167616C69223B733A383A226170656C6C69646F223B733A343A2276657261223B733A383A226C6F67676564696E223B623A313B7D, null, null, null);
INSERT INTO herbalife_dev.ci_sessions (id, ip_address, timestamp, data, last_activity, id_usuario, id_hbf_sesion) VALUES ('9idn2pkh3tda4bd2neo46thvdc', '127.0.0.1', 1539658250, 0x5F5F63695F6C6173745F726567656E65726174657C693A313533393635383235303B61646D696E5F6C6F67676564696E7C613A373A7B733A31303A2269645F7573756172696F223B733A323A223132223B733A353A22656D61696C223B733A31343A226D61677940676D61696C2E636F6D223B733A383A2270617373776F7264223B733A3132383A223335626236623232393263353433613362656134373936303665363735356139303334616361336664306133626530323138303839306164356561363733613333346465633832666563333836383830623730313061636537346534393537643962626636653763306539313832363438383936613566643939346631306134223B733A31343A2269645F6F7063696F6E5F726F6C65223B733A313A2231223B733A363A226E6F6D627265223B733A363A226D6167616C69223B733A383A226170656C6C69646F223B733A343A2276657261223B733A383A226C6F67676564696E223B623A313B7D, null, null, null);
INSERT INTO herbalife_dev.ci_sessions (id, ip_address, timestamp, data, last_activity, id_usuario, id_hbf_sesion) VALUES ('9imo6urk99buf5bfu2i4gc91rm', '127.0.0.1', 1540854728, 0x5F5F63695F6C6173745F726567656E65726174657C693A313534303835343732373B61646D696E5F6C6F67676564696E7C613A373A7B733A31303A2269645F7573756172696F223B733A323A223132223B733A353A22656D61696C223B733A31343A226D61677940676D61696C2E636F6D223B733A383A2270617373776F7264223B733A3132383A223335626236623232393263353433613362656134373936303665363735356139303334616361336664306133626530323138303839306164356561363733613333346465633832666563333836383830623730313061636537346534393537643962626636653763306539313832363438383936613566643939346631306134223B733A31343A2269645F6F7063696F6E5F726F6C65223B733A313A2231223B733A363A226E6F6D627265223B733A363A226D6167616C69223B733A383A226170656C6C69646F223B733A343A2276657261223B733A383A226C6F67676564696E223B623A313B7D, null, null, null);
INSERT INTO herbalife_dev.ci_sessions (id, ip_address, timestamp, data, last_activity, id_usuario, id_hbf_sesion) VALUES ('a02qmuu5uts70s8hao3runjg3f', '127.0.0.1', 1539306489, 0x5F5F63695F6C6173745F726567656E65726174657C693A313533393330363438393B61646D696E5F6C6F67676564696E7C613A373A7B733A31303A2269645F7573756172696F223B733A323A223132223B733A353A22656D61696C223B733A31343A226D61677940676D61696C2E636F6D223B733A383A2270617373776F7264223B733A3132383A223335626236623232393263353433613362656134373936303665363735356139303334616361336664306133626530323138303839306164356561363733613333346465633832666563333836383830623730313061636537346534393537643962626636653763306539313832363438383936613566643939346631306134223B733A31343A2269645F6F7063696F6E5F726F6C65223B733A313A2231223B733A363A226E6F6D627265223B733A363A226D6167616C69223B733A383A226170656C6C69646F223B733A343A2276657261223B733A383A226C6F67676564696E223B623A313B7D, null, null, null);
INSERT INTO herbalife_dev.ci_sessions (id, ip_address, timestamp, data, last_activity, id_usuario, id_hbf_sesion) VALUES ('aeuis7ij1od3un4gio8u76v5kc', '127.0.0.1', 1539657780, 0x5F5F63695F6C6173745F726567656E65726174657C693A313533393635373738303B61646D696E5F6C6F67676564696E7C613A373A7B733A31303A2269645F7573756172696F223B733A323A223132223B733A353A22656D61696C223B733A31343A226D61677940676D61696C2E636F6D223B733A383A2270617373776F7264223B733A3132383A223335626236623232393263353433613362656134373936303665363735356139303334616361336664306133626530323138303839306164356561363733613333346465633832666563333836383830623730313061636537346534393537643962626636653763306539313832363438383936613566643939346631306134223B733A31343A2269645F6F7063696F6E5F726F6C65223B733A313A2231223B733A363A226E6F6D627265223B733A363A226D6167616C69223B733A383A226170656C6C69646F223B733A343A2276657261223B733A383A226C6F67676564696E223B623A313B7D, null, null, null);
INSERT INTO herbalife_dev.ci_sessions (id, ip_address, timestamp, data, last_activity, id_usuario, id_hbf_sesion) VALUES ('b3nb1ip905ruffcspmpt46bc4o', '127.0.0.1', 1539313286, 0x5F5F63695F6C6173745F726567656E65726174657C693A313533393331333238363B61646D696E5F6C6F67676564696E7C613A373A7B733A31303A2269645F7573756172696F223B733A323A223132223B733A353A22656D61696C223B733A31343A226D61677940676D61696C2E636F6D223B733A383A2270617373776F7264223B733A3132383A223335626236623232393263353433613362656134373936303665363735356139303334616361336664306133626530323138303839306164356561363733613333346465633832666563333836383830623730313061636537346534393537643962626636653763306539313832363438383936613566643939346631306134223B733A31343A2269645F6F7063696F6E5F726F6C65223B733A313A2231223B733A363A226E6F6D627265223B733A363A226D6167616C69223B733A383A226170656C6C69646F223B733A343A2276657261223B733A383A226C6F67676564696E223B623A313B7D, null, null, null);
INSERT INTO herbalife_dev.ci_sessions (id, ip_address, timestamp, data, last_activity, id_usuario, id_hbf_sesion) VALUES ('b9gi493gk5p2291if72ts7mf7f', '127.0.0.1', 1540854406, 0x5F5F63695F6C6173745F726567656E65726174657C693A313534303835343430363B61646D696E5F6C6F67676564696E7C613A373A7B733A31303A2269645F7573756172696F223B733A323A223132223B733A353A22656D61696C223B733A31343A226D61677940676D61696C2E636F6D223B733A383A2270617373776F7264223B733A3132383A223335626236623232393263353433613362656134373936303665363735356139303334616361336664306133626530323138303839306164356561363733613333346465633832666563333836383830623730313061636537346534393537643962626636653763306539313832363438383936613566643939346631306134223B733A31343A2269645F6F7063696F6E5F726F6C65223B733A313A2231223B733A363A226E6F6D627265223B733A363A226D6167616C69223B733A383A226170656C6C69646F223B733A343A2276657261223B733A383A226C6F67676564696E223B623A313B7D, null, null, null);
INSERT INTO herbalife_dev.ci_sessions (id, ip_address, timestamp, data, last_activity, id_usuario, id_hbf_sesion) VALUES ('ccsd1bh54g0i6sibcphrdf7pp3', '127.0.0.1', 1539312417, 0x5F5F63695F6C6173745F726567656E65726174657C693A313533393331323431373B61646D696E5F6C6F67676564696E7C613A373A7B733A31303A2269645F7573756172696F223B733A323A223132223B733A353A22656D61696C223B733A31343A226D61677940676D61696C2E636F6D223B733A383A2270617373776F7264223B733A3132383A223335626236623232393263353433613362656134373936303665363735356139303334616361336664306133626530323138303839306164356561363733613333346465633832666563333836383830623730313061636537346534393537643962626636653763306539313832363438383936613566643939346631306134223B733A31343A2269645F6F7063696F6E5F726F6C65223B733A313A2231223B733A363A226E6F6D627265223B733A363A226D6167616C69223B733A383A226170656C6C69646F223B733A343A2276657261223B733A383A226C6F67676564696E223B623A313B7D, null, null, null);
INSERT INTO herbalife_dev.ci_sessions (id, ip_address, timestamp, data, last_activity, id_usuario, id_hbf_sesion) VALUES ('cg91fmuh7he6njhloonjer1pb4', '127.0.0.1', 1552780290, 0x5F5F63695F6C6173745F726567656E65726174657C693A313535323738303238383B, null, null, null);
INSERT INTO herbalife_dev.ci_sessions (id, ip_address, timestamp, data, last_activity, id_usuario, id_hbf_sesion) VALUES ('d6ms195q2n5rvsglb3mq2bohka', '127.0.0.1', 1539311645, 0x5F5F63695F6C6173745F726567656E65726174657C693A313533393331313632363B61646D696E5F6C6F67676564696E7C613A373A7B733A31303A2269645F7573756172696F223B733A323A223132223B733A353A22656D61696C223B733A31343A226D61677940676D61696C2E636F6D223B733A383A2270617373776F7264223B733A3132383A223335626236623232393263353433613362656134373936303665363735356139303334616361336664306133626530323138303839306164356561363733613333346465633832666563333836383830623730313061636537346534393537643962626636653763306539313832363438383936613566643939346631306134223B733A31343A2269645F6F7063696F6E5F726F6C65223B733A313A2231223B733A363A226E6F6D627265223B733A363A226D6167616C69223B733A383A226170656C6C69646F223B733A343A2276657261223B733A383A226C6F67676564696E223B623A313B7D, null, null, null);
INSERT INTO herbalife_dev.ci_sessions (id, ip_address, timestamp, data, last_activity, id_usuario, id_hbf_sesion) VALUES ('e4st8tqranr8l29osccm39fjng', '127.0.0.1', 1539308704, 0x5F5F63695F6C6173745F726567656E65726174657C693A313533393330383730343B61646D696E5F6C6F67676564696E7C613A373A7B733A31303A2269645F7573756172696F223B733A323A223132223B733A353A22656D61696C223B733A31343A226D61677940676D61696C2E636F6D223B733A383A2270617373776F7264223B733A3132383A223335626236623232393263353433613362656134373936303665363735356139303334616361336664306133626530323138303839306164356561363733613333346465633832666563333836383830623730313061636537346534393537643962626636653763306539313832363438383936613566643939346631306134223B733A31343A2269645F6F7063696F6E5F726F6C65223B733A313A2231223B733A363A226E6F6D627265223B733A363A226D6167616C69223B733A383A226170656C6C69646F223B733A343A2276657261223B733A383A226C6F67676564696E223B623A313B7D, null, null, null);
INSERT INTO herbalife_dev.ci_sessions (id, ip_address, timestamp, data, last_activity, id_usuario, id_hbf_sesion) VALUES ('e8htav9ddkbuku5lotqmnfn9v1', '127.0.0.1', 1553035189, 0x5F5F63695F6C6173745F726567656E65726174657C693A313535333033353138393B61646D696E5F6C6F67676564696E7C613A373A7B733A31303A2269645F7573756172696F223B733A323A223132223B733A353A22656D61696C223B733A31343A226D61677940676D61696C2E636F6D223B733A383A2270617373776F7264223B733A3132383A223335626236623232393263353433613362656134373936303665363735356139303334616361336664306133626530323138303839306164356561363733613333346465633832666563333836383830623730313061636537346534393537643962626636653763306539313832363438383936613566643939346631306134223B733A31343A2269645F6F7063696F6E5F726F6C65223B733A313A2231223B733A363A226E6F6D627265223B733A363A226D6167616C69223B733A383A226170656C6C69646F223B733A343A2276657261223B733A383A226C6F67676564696E223B623A313B7D, null, null, null);
INSERT INTO herbalife_dev.ci_sessions (id, ip_address, timestamp, data, last_activity, id_usuario, id_hbf_sesion) VALUES ('e9a766p24upl35cgtkqp9m1366', '127.0.0.1', 1539656763, 0x5F5F63695F6C6173745F726567656E65726174657C693A313533393635363736333B61646D696E5F6C6F67676564696E7C613A373A7B733A31303A2269645F7573756172696F223B733A323A223132223B733A353A22656D61696C223B733A31343A226D61677940676D61696C2E636F6D223B733A383A2270617373776F7264223B733A3132383A223335626236623232393263353433613362656134373936303665363735356139303334616361336664306133626530323138303839306164356561363733613333346465633832666563333836383830623730313061636537346534393537643962626636653763306539313832363438383936613566643939346631306134223B733A31343A2269645F6F7063696F6E5F726F6C65223B733A313A2231223B733A363A226E6F6D627265223B733A363A226D6167616C69223B733A383A226170656C6C69646F223B733A343A2276657261223B733A383A226C6F67676564696E223B623A313B7D, null, null, null);
INSERT INTO herbalife_dev.ci_sessions (id, ip_address, timestamp, data, last_activity, id_usuario, id_hbf_sesion) VALUES ('eo53bpq9cq2m8c64uh203srf16', '127.0.0.1', 1547510970, 0x5F5F63695F6C6173745F726567656E65726174657C693A313534373531303937303B, null, null, null);
INSERT INTO herbalife_dev.ci_sessions (id, ip_address, timestamp, data, last_activity, id_usuario, id_hbf_sesion) VALUES ('fhs3kleh88n14g3em96p1r13uh', '127.0.0.1', 1539311626, 0x5F5F63695F6C6173745F726567656E65726174657C693A313533393331313632363B61646D696E5F6C6F67676564696E7C613A373A7B733A31303A2269645F7573756172696F223B733A323A223132223B733A353A22656D61696C223B733A31343A226D61677940676D61696C2E636F6D223B733A383A2270617373776F7264223B733A3132383A223335626236623232393263353433613362656134373936303665363735356139303334616361336664306133626530323138303839306164356561363733613333346465633832666563333836383830623730313061636537346534393537643962626636653763306539313832363438383936613566643939346631306134223B733A31343A2269645F6F7063696F6E5F726F6C65223B733A313A2231223B733A363A226E6F6D627265223B733A363A226D6167616C69223B733A383A226170656C6C69646F223B733A343A2276657261223B733A383A226C6F67676564696E223B623A313B7D, null, null, null);
INSERT INTO herbalife_dev.ci_sessions (id, ip_address, timestamp, data, last_activity, id_usuario, id_hbf_sesion) VALUES ('g6vc2ae38ah83t466uj59nn5u4', '127.0.0.1', 1539311172, 0x5F5F63695F6C6173745F726567656E65726174657C693A313533393331313137323B61646D696E5F6C6F67676564696E7C613A373A7B733A31303A2269645F7573756172696F223B733A323A223132223B733A353A22656D61696C223B733A31343A226D61677940676D61696C2E636F6D223B733A383A2270617373776F7264223B733A3132383A223335626236623232393263353433613362656134373936303665363735356139303334616361336664306133626530323138303839306164356561363733613333346465633832666563333836383830623730313061636537346534393537643962626636653763306539313832363438383936613566643939346631306134223B733A31343A2269645F6F7063696F6E5F726F6C65223B733A313A2231223B733A363A226E6F6D627265223B733A363A226D6167616C69223B733A383A226170656C6C69646F223B733A343A2276657261223B733A383A226C6F67676564696E223B623A313B7D, null, null, null);
INSERT INTO herbalife_dev.ci_sessions (id, ip_address, timestamp, data, last_activity, id_usuario, id_hbf_sesion) VALUES ('ghme6gn6i0maddtoihbscd7uhr', '127.0.0.1', 1540854727, 0x5F5F63695F6C6173745F726567656E65726174657C693A313534303835343732373B61646D696E5F6C6F67676564696E7C613A373A7B733A31303A2269645F7573756172696F223B733A323A223132223B733A353A22656D61696C223B733A31343A226D61677940676D61696C2E636F6D223B733A383A2270617373776F7264223B733A3132383A223335626236623232393263353433613362656134373936303665363735356139303334616361336664306133626530323138303839306164356561363733613333346465633832666563333836383830623730313061636537346534393537643962626636653763306539313832363438383936613566643939346631306134223B733A31343A2269645F6F7063696F6E5F726F6C65223B733A313A2231223B733A363A226E6F6D627265223B733A363A226D6167616C69223B733A383A226170656C6C69646F223B733A343A2276657261223B733A383A226C6F67676564696E223B623A313B7D, null, null, null);
INSERT INTO herbalife_dev.ci_sessions (id, ip_address, timestamp, data, last_activity, id_usuario, id_hbf_sesion) VALUES ('gs8n6d77flp2gqea0dkifr3fvo', '127.0.0.1', 1539447262, 0x5F5F63695F6C6173745F726567656E65726174657C693A313533393434373236323B61646D696E5F6C6F67676564696E7C613A373A7B733A31303A2269645F7573756172696F223B733A323A223132223B733A353A22656D61696C223B733A31343A226D61677940676D61696C2E636F6D223B733A383A2270617373776F7264223B733A3132383A223335626236623232393263353433613362656134373936303665363735356139303334616361336664306133626530323138303839306164356561363733613333346465633832666563333836383830623730313061636537346534393537643962626636653763306539313832363438383936613566643939346631306134223B733A31343A2269645F6F7063696F6E5F726F6C65223B733A313A2231223B733A363A226E6F6D627265223B733A363A226D6167616C69223B733A383A226170656C6C69646F223B733A343A2276657261223B733A383A226C6F67676564696E223B623A313B7D, null, null, null);
INSERT INTO herbalife_dev.ci_sessions (id, ip_address, timestamp, data, last_activity, id_usuario, id_hbf_sesion) VALUES ('hdlb1h6ik6r60tg1s30c84ppri', '127.0.0.1', 1539387149, 0x5F5F63695F6C6173745F726567656E65726174657C693A313533393338373134393B61646D696E5F6C6F67676564696E7C613A373A7B733A31303A2269645F7573756172696F223B733A323A223132223B733A353A22656D61696C223B733A31343A226D61677940676D61696C2E636F6D223B733A383A2270617373776F7264223B733A3132383A223335626236623232393263353433613362656134373936303665363735356139303334616361336664306133626530323138303839306164356561363733613333346465633832666563333836383830623730313061636537346534393537643962626636653763306539313832363438383936613566643939346631306134223B733A31343A2269645F6F7063696F6E5F726F6C65223B733A313A2231223B733A363A226E6F6D627265223B733A363A226D6167616C69223B733A383A226170656C6C69646F223B733A343A2276657261223B733A383A226C6F67676564696E223B623A313B7D, null, null, null);
INSERT INTO herbalife_dev.ci_sessions (id, ip_address, timestamp, data, last_activity, id_usuario, id_hbf_sesion) VALUES ('hjmd5elr6pt751sh4cnmkiap25', '127.0.0.1', 1539656146, 0x5F5F63695F6C6173745F726567656E65726174657C693A313533393635363134363B61646D696E5F6C6F67676564696E7C613A373A7B733A31303A2269645F7573756172696F223B733A323A223132223B733A353A22656D61696C223B733A31343A226D61677940676D61696C2E636F6D223B733A383A2270617373776F7264223B733A3132383A223335626236623232393263353433613362656134373936303665363735356139303334616361336664306133626530323138303839306164356561363733613333346465633832666563333836383830623730313061636537346534393537643962626636653763306539313832363438383936613566643939346631306134223B733A31343A2269645F6F7063696F6E5F726F6C65223B733A313A2231223B733A363A226E6F6D627265223B733A363A226D6167616C69223B733A383A226170656C6C69646F223B733A343A2276657261223B733A383A226C6F67676564696E223B623A313B7D, null, null, null);
INSERT INTO herbalife_dev.ci_sessions (id, ip_address, timestamp, data, last_activity, id_usuario, id_hbf_sesion) VALUES ('hr2iko2j7a5qfho24eddpo6av3', '127.0.0.1', 1539388519, 0x5F5F63695F6C6173745F726567656E65726174657C693A313533393338383531393B61646D696E5F6C6F67676564696E7C613A373A7B733A31303A2269645F7573756172696F223B733A323A223132223B733A353A22656D61696C223B733A31343A226D61677940676D61696C2E636F6D223B733A383A2270617373776F7264223B733A3132383A223335626236623232393263353433613362656134373936303665363735356139303334616361336664306133626530323138303839306164356561363733613333346465633832666563333836383830623730313061636537346534393537643962626636653763306539313832363438383936613566643939346631306134223B733A31343A2269645F6F7063696F6E5F726F6C65223B733A313A2231223B733A363A226E6F6D627265223B733A363A226D6167616C69223B733A383A226170656C6C69646F223B733A343A2276657261223B733A383A226C6F67676564696E223B623A313B7D, null, null, null);
INSERT INTO herbalife_dev.ci_sessions (id, ip_address, timestamp, data, last_activity, id_usuario, id_hbf_sesion) VALUES ('i7au0btiknjfldmo8n6q2uf54o', '127.0.0.1', 1539657082, 0x5F5F63695F6C6173745F726567656E65726174657C693A313533393635373038323B61646D696E5F6C6F67676564696E7C613A373A7B733A31303A2269645F7573756172696F223B733A323A223132223B733A353A22656D61696C223B733A31343A226D61677940676D61696C2E636F6D223B733A383A2270617373776F7264223B733A3132383A223335626236623232393263353433613362656134373936303665363735356139303334616361336664306133626530323138303839306164356561363733613333346465633832666563333836383830623730313061636537346534393537643962626636653763306539313832363438383936613566643939346631306134223B733A31343A2269645F6F7063696F6E5F726F6C65223B733A313A2231223B733A363A226E6F6D627265223B733A363A226D6167616C69223B733A383A226170656C6C69646F223B733A343A2276657261223B733A383A226C6F67676564696E223B623A313B7D, null, null, null);
INSERT INTO herbalife_dev.ci_sessions (id, ip_address, timestamp, data, last_activity, id_usuario, id_hbf_sesion) VALUES ('jjckhuq515ui5djktqhe3erl58', '127.0.0.1', 1539658260, 0x5F5F63695F6C6173745F726567656E65726174657C693A313533393635383235303B61646D696E5F6C6F67676564696E7C613A373A7B733A31303A2269645F7573756172696F223B733A323A223132223B733A353A22656D61696C223B733A31343A226D61677940676D61696C2E636F6D223B733A383A2270617373776F7264223B733A3132383A223335626236623232393263353433613362656134373936303665363735356139303334616361336664306133626530323138303839306164356561363733613333346465633832666563333836383830623730313061636537346534393537643962626636653763306539313832363438383936613566643939346631306134223B733A31343A2269645F6F7063696F6E5F726F6C65223B733A313A2231223B733A363A226E6F6D627265223B733A363A226D6167616C69223B733A383A226170656C6C69646F223B733A343A2276657261223B733A383A226C6F67676564696E223B623A313B7D, null, null, null);
INSERT INTO herbalife_dev.ci_sessions (id, ip_address, timestamp, data, last_activity, id_usuario, id_hbf_sesion) VALUES ('jjk8cj25a72p61c5fmmb02psqp', '127.0.0.1', 1547517492, 0x5F5F63695F6C6173745F726567656E65726174657C693A313534373531373330353B61646D696E5F6C6F67676564696E7C613A373A7B733A31303A2269645F7573756172696F223B733A323A223232223B733A353A22656D61696C223B733A32313A226466617266616E4068657262616C6966652E636F6D223B733A383A2270617373776F7264223B733A3132383A223335626236623232393263353433613362656134373936303665363735356139303334616361336664306133626530323138303839306164356561363733613333346465633832666563333836383830623730313061636537346534393537643962626636653763306539313832363438383936613566643939346631306134223B733A31343A2269645F6F7063696F6E5F726F6C65223B733A313A2236223B733A363A226E6F6D627265223B733A353A224461706865223B733A383A226170656C6C69646F223B733A363A2246617266616E223B733A383A226C6F67676564696E223B623A313B7D, null, null, null);
INSERT INTO herbalife_dev.ci_sessions (id, ip_address, timestamp, data, last_activity, id_usuario, id_hbf_sesion) VALUES ('jrnf3eckhpoqkdrsbo5kqjfouo', '127.0.0.1', 1539447538, 0x5F5F63695F6C6173745F726567656E65726174657C693A313533393434373236323B61646D696E5F6C6F67676564696E7C613A373A7B733A31303A2269645F7573756172696F223B733A323A223132223B733A353A22656D61696C223B733A31343A226D61677940676D61696C2E636F6D223B733A383A2270617373776F7264223B733A3132383A223335626236623232393263353433613362656134373936303665363735356139303334616361336664306133626530323138303839306164356561363733613333346465633832666563333836383830623730313061636537346534393537643962626636653763306539313832363438383936613566643939346631306134223B733A31343A2269645F6F7063696F6E5F726F6C65223B733A313A2231223B733A363A226E6F6D627265223B733A363A226D6167616C69223B733A383A226170656C6C69646F223B733A343A2276657261223B733A383A226C6F67676564696E223B623A313B7D, null, null, null);
INSERT INTO herbalife_dev.ci_sessions (id, ip_address, timestamp, data, last_activity, id_usuario, id_hbf_sesion) VALUES ('k5qotfus38b3aj0iu6k8e04ksc', '127.0.0.1', 1539309939, 0x5F5F63695F6C6173745F726567656E65726174657C693A313533393330393933393B61646D696E5F6C6F67676564696E7C613A373A7B733A31303A2269645F7573756172696F223B733A323A223132223B733A353A22656D61696C223B733A31343A226D61677940676D61696C2E636F6D223B733A383A2270617373776F7264223B733A3132383A223335626236623232393263353433613362656134373936303665363735356139303334616361336664306133626530323138303839306164356561363733613333346465633832666563333836383830623730313061636537346534393537643962626636653763306539313832363438383936613566643939346631306134223B733A31343A2269645F6F7063696F6E5F726F6C65223B733A313A2231223B733A363A226E6F6D627265223B733A363A226D6167616C69223B733A383A226170656C6C69646F223B733A343A2276657261223B733A383A226C6F67676564696E223B623A313B7D, null, null, null);
INSERT INTO herbalife_dev.ci_sessions (id, ip_address, timestamp, data, last_activity, id_usuario, id_hbf_sesion) VALUES ('lo0l9qu8n1im3ff5nvddfurcbk', '127.0.0.1', 1539652939, 0x5F5F63695F6C6173745F726567656E65726174657C693A313533393635323933393B61646D696E5F6C6F67676564696E7C613A373A7B733A31303A2269645F7573756172696F223B733A323A223132223B733A353A22656D61696C223B733A31343A226D61677940676D61696C2E636F6D223B733A383A2270617373776F7264223B733A3132383A223335626236623232393263353433613362656134373936303665363735356139303334616361336664306133626530323138303839306164356561363733613333346465633832666563333836383830623730313061636537346534393537643962626636653763306539313832363438383936613566643939346631306134223B733A31343A2269645F6F7063696F6E5F726F6C65223B733A313A2231223B733A363A226E6F6D627265223B733A363A226D6167616C69223B733A383A226170656C6C69646F223B733A343A2276657261223B733A383A226C6F67676564696E223B623A313B7D, null, null, null);
INSERT INTO herbalife_dev.ci_sessions (id, ip_address, timestamp, data, last_activity, id_usuario, id_hbf_sesion) VALUES ('m5qht338vdbbvlhsp1g6mbj37t', '127.0.0.1', 1553034849, 0x5F5F63695F6C6173745F726567656E65726174657C693A313535333033343834393B61646D696E5F6C6F67676564696E7C613A373A7B733A31303A2269645F7573756172696F223B733A323A223132223B733A353A22656D61696C223B733A31343A226D61677940676D61696C2E636F6D223B733A383A2270617373776F7264223B733A3132383A223335626236623232393263353433613362656134373936303665363735356139303334616361336664306133626530323138303839306164356561363733613333346465633832666563333836383830623730313061636537346534393537643962626636653763306539313832363438383936613566643939346631306134223B733A31343A2269645F6F7063696F6E5F726F6C65223B733A313A2231223B733A363A226E6F6D627265223B733A363A226D6167616C69223B733A383A226170656C6C69646F223B733A343A2276657261223B733A383A226C6F67676564696E223B623A313B7D, null, null, null);
INSERT INTO herbalife_dev.ci_sessions (id, ip_address, timestamp, data, last_activity, id_usuario, id_hbf_sesion) VALUES ('n63hpn2m45a4phdmjel7h9g8tu', '127.0.0.1', 1539654049, 0x5F5F63695F6C6173745F726567656E65726174657C693A313533393635343034393B61646D696E5F6C6F67676564696E7C613A373A7B733A31303A2269645F7573756172696F223B733A323A223132223B733A353A22656D61696C223B733A31343A226D61677940676D61696C2E636F6D223B733A383A2270617373776F7264223B733A3132383A223335626236623232393263353433613362656134373936303665363735356139303334616361336664306133626530323138303839306164356561363733613333346465633832666563333836383830623730313061636537346534393537643962626636653763306539313832363438383936613566643939346631306134223B733A31343A2269645F6F7063696F6E5F726F6C65223B733A313A2231223B733A363A226E6F6D627265223B733A363A226D6167616C69223B733A383A226170656C6C69646F223B733A343A2276657261223B733A383A226C6F67676564696E223B623A313B7D, null, null, null);
INSERT INTO herbalife_dev.ci_sessions (id, ip_address, timestamp, data, last_activity, id_usuario, id_hbf_sesion) VALUES ('ngqivnaaotbkra284j9kf172sv', '127.0.0.1', 1548872487, 0x5F5F63695F6C6173745F726567656E65726174657C693A313534383837323435313B61646D696E5F6C6F67676564696E7C613A373A7B733A31303A2269645F7573756172696F223B733A323A223132223B733A353A22656D61696C223B733A31343A226D61677940676D61696C2E636F6D223B733A383A2270617373776F7264223B733A3132383A223335626236623232393263353433613362656134373936303665363735356139303334616361336664306133626530323138303839306164356561363733613333346465633832666563333836383830623730313061636537346534393537643962626636653763306539313832363438383936613566643939346631306134223B733A31343A2269645F6F7063696F6E5F726F6C65223B733A313A2231223B733A363A226E6F6D627265223B733A363A226D6167616C69223B733A383A226170656C6C69646F223B733A343A2276657261223B733A383A226C6F67676564696E223B623A313B7D, null, null, null);
INSERT INTO herbalife_dev.ci_sessions (id, ip_address, timestamp, data, last_activity, id_usuario, id_hbf_sesion) VALUES ('nov24n5e5q33ebk26j8hk10e42', '127.0.0.1', 1547517305, 0x5F5F63695F6C6173745F726567656E65726174657C693A313534373531373330353B61646D696E5F6C6F67676564696E7C613A373A7B733A31303A2269645F7573756172696F223B733A323A223232223B733A353A22656D61696C223B733A32313A226466617266616E4068657262616C6966652E636F6D223B733A383A2270617373776F7264223B733A3132383A223335626236623232393263353433613362656134373936303665363735356139303334616361336664306133626530323138303839306164356561363733613333346465633832666563333836383830623730313061636537346534393537643962626636653763306539313832363438383936613566643939346631306134223B733A31343A2269645F6F7063696F6E5F726F6C65223B733A313A2236223B733A363A226E6F6D627265223B733A353A224461706865223B733A383A226170656C6C69646F223B733A363A2246617266616E223B733A383A226C6F67676564696E223B623A313B7D, null, null, null);
INSERT INTO herbalife_dev.ci_sessions (id, ip_address, timestamp, data, last_activity, id_usuario, id_hbf_sesion) VALUES ('ns8tjtlptjd3afe3kdmjrajtk7', '127.0.0.1', 1547514126, 0x5F5F63695F6C6173745F726567656E65726174657C693A313534373531343132363B61646D696E5F6C6F67676564696E7C613A373A7B733A31303A2269645F7573756172696F223B733A323A223132223B733A353A22656D61696C223B733A31343A226D61677940676D61696C2E636F6D223B733A383A2270617373776F7264223B733A3132383A223335626236623232393263353433613362656134373936303665363735356139303334616361336664306133626530323138303839306164356561363733613333346465633832666563333836383830623730313061636537346534393537643962626636653763306539313832363438383936613566643939346631306134223B733A31343A2269645F6F7063696F6E5F726F6C65223B733A313A2231223B733A363A226E6F6D627265223B733A363A226D6167616C69223B733A383A226170656C6C69646F223B733A343A2276657261223B733A383A226C6F67676564696E223B623A313B7D, null, null, null);
INSERT INTO herbalife_dev.ci_sessions (id, ip_address, timestamp, data, last_activity, id_usuario, id_hbf_sesion) VALUES ('oeecsvfpejk4fm55glsjgabe80', '127.0.0.1', 1539654947, 0x5F5F63695F6C6173745F726567656E65726174657C693A313533393635343934373B61646D696E5F6C6F67676564696E7C613A373A7B733A31303A2269645F7573756172696F223B733A323A223132223B733A353A22656D61696C223B733A31343A226D61677940676D61696C2E636F6D223B733A383A2270617373776F7264223B733A3132383A223335626236623232393263353433613362656134373936303665363735356139303334616361336664306133626530323138303839306164356561363733613333346465633832666563333836383830623730313061636537346534393537643962626636653763306539313832363438383936613566643939346631306134223B733A31343A2269645F6F7063696F6E5F726F6C65223B733A313A2231223B733A363A226E6F6D627265223B733A363A226D6167616C69223B733A383A226170656C6C69646F223B733A343A2276657261223B733A383A226C6F67676564696E223B623A313B7D, null, null, null);
INSERT INTO herbalife_dev.ci_sessions (id, ip_address, timestamp, data, last_activity, id_usuario, id_hbf_sesion) VALUES ('pdjsnd5md7v2i6opimg09t7hs3', '127.0.0.1', 1553034541, 0x5F5F63695F6C6173745F726567656E65726174657C693A313535333033343534313B61646D696E5F6C6F67676564696E7C613A373A7B733A31303A2269645F7573756172696F223B733A323A223132223B733A353A22656D61696C223B733A31343A226D61677940676D61696C2E636F6D223B733A383A2270617373776F7264223B733A3132383A223335626236623232393263353433613362656134373936303665363735356139303334616361336664306133626530323138303839306164356561363733613333346465633832666563333836383830623730313061636537346534393537643962626636653763306539313832363438383936613566643939346631306134223B733A31343A2269645F6F7063696F6E5F726F6C65223B733A313A2231223B733A363A226E6F6D627265223B733A363A226D6167616C69223B733A383A226170656C6C69646F223B733A343A2276657261223B733A383A226C6F67676564696E223B623A313B7D, null, null, null);
INSERT INTO herbalife_dev.ci_sessions (id, ip_address, timestamp, data, last_activity, id_usuario, id_hbf_sesion) VALUES ('qam6j1tu1sp00b727vofkj6fdv', '127.0.0.1', 1548872451, 0x5F5F63695F6C6173745F726567656E65726174657C693A313534383837323435313B, null, null, null);
INSERT INTO herbalife_dev.ci_sessions (id, ip_address, timestamp, data, last_activity, id_usuario, id_hbf_sesion) VALUES ('qb50b2lq6fudaa1do8kd0s9mu2', '127.0.0.1', 1539652514, 0x5F5F63695F6C6173745F726567656E65726174657C693A313533393635323531343B61646D696E5F6C6F67676564696E7C613A373A7B733A31303A2269645F7573756172696F223B733A323A223132223B733A353A22656D61696C223B733A31343A226D61677940676D61696C2E636F6D223B733A383A2270617373776F7264223B733A3132383A223335626236623232393263353433613362656134373936303665363735356139303334616361336664306133626530323138303839306164356561363733613333346465633832666563333836383830623730313061636537346534393537643962626636653763306539313832363438383936613566643939346631306134223B733A31343A2269645F6F7063696F6E5F726F6C65223B733A313A2231223B733A363A226E6F6D627265223B733A363A226D6167616C69223B733A383A226170656C6C69646F223B733A343A2276657261223B733A383A226C6F67676564696E223B623A313B7D, null, null, null);
INSERT INTO herbalife_dev.ci_sessions (id, ip_address, timestamp, data, last_activity, id_usuario, id_hbf_sesion) VALUES ('qo8nengr75mfh5agt9cu10ho4b', '127.0.0.1', 1539388213, 0x5F5F63695F6C6173745F726567656E65726174657C693A313533393338383231333B61646D696E5F6C6F67676564696E7C613A373A7B733A31303A2269645F7573756172696F223B733A323A223132223B733A353A22656D61696C223B733A31343A226D61677940676D61696C2E636F6D223B733A383A2270617373776F7264223B733A3132383A223335626236623232393263353433613362656134373936303665363735356139303334616361336664306133626530323138303839306164356561363733613333346465633832666563333836383830623730313061636537346534393537643962626636653763306539313832363438383936613566643939346631306134223B733A31343A2269645F6F7063696F6E5F726F6C65223B733A313A2231223B733A363A226E6F6D627265223B733A363A226D6167616C69223B733A383A226170656C6C69646F223B733A343A2276657261223B733A383A226C6F67676564696E223B623A313B7D, null, null, null);
INSERT INTO herbalife_dev.ci_sessions (id, ip_address, timestamp, data, last_activity, id_usuario, id_hbf_sesion) VALUES ('qvvoj3j9psgf3rd6bf40no9ci4', '127.0.0.1', 1539444624, 0x5F5F63695F6C6173745F726567656E65726174657C693A313533393434343632333B, null, null, null);
INSERT INTO herbalife_dev.ci_sessions (id, ip_address, timestamp, data, last_activity, id_usuario, id_hbf_sesion) VALUES ('r8d7ic7a4h7gas8djebrg9kaj4', '127.0.0.1', 1539306934, 0x5F5F63695F6C6173745F726567656E65726174657C693A313533393330363933343B61646D696E5F6C6F67676564696E7C613A373A7B733A31303A2269645F7573756172696F223B733A323A223132223B733A353A22656D61696C223B733A31343A226D61677940676D61696C2E636F6D223B733A383A2270617373776F7264223B733A3132383A223335626236623232393263353433613362656134373936303665363735356139303334616361336664306133626530323138303839306164356561363733613333346465633832666563333836383830623730313061636537346534393537643962626636653763306539313832363438383936613566643939346631306134223B733A31343A2269645F6F7063696F6E5F726F6C65223B733A313A2231223B733A363A226E6F6D627265223B733A363A226D6167616C69223B733A383A226170656C6C69646F223B733A343A2276657261223B733A383A226C6F67676564696E223B623A313B7D, null, null, null);
INSERT INTO herbalife_dev.ci_sessions (id, ip_address, timestamp, data, last_activity, id_usuario, id_hbf_sesion) VALUES ('rb347m5u8n2dqadq23f6jkletj', '127.0.0.1', 1539657383, 0x5F5F63695F6C6173745F726567656E65726174657C693A313533393635373338333B61646D696E5F6C6F67676564696E7C613A373A7B733A31303A2269645F7573756172696F223B733A323A223132223B733A353A22656D61696C223B733A31343A226D61677940676D61696C2E636F6D223B733A383A2270617373776F7264223B733A3132383A223335626236623232393263353433613362656134373936303665363735356139303334616361336664306133626530323138303839306164356561363733613333346465633832666563333836383830623730313061636537346534393537643962626636653763306539313832363438383936613566643939346631306134223B733A31343A2269645F6F7063696F6E5F726F6C65223B733A313A2231223B733A363A226E6F6D627265223B733A363A226D6167616C69223B733A383A226170656C6C69646F223B733A343A2276657261223B733A383A226C6F67676564696E223B623A313B7D, null, null, null);
INSERT INTO herbalife_dev.ci_sessions (id, ip_address, timestamp, data, last_activity, id_usuario, id_hbf_sesion) VALUES ('rcgudqjjfkf25i5l2a5rulfpsc', '127.0.0.1', 1539656447, 0x5F5F63695F6C6173745F726567656E65726174657C693A313533393635363434373B61646D696E5F6C6F67676564696E7C613A373A7B733A31303A2269645F7573756172696F223B733A323A223132223B733A353A22656D61696C223B733A31343A226D61677940676D61696C2E636F6D223B733A383A2270617373776F7264223B733A3132383A223335626236623232393263353433613362656134373936303665363735356139303334616361336664306133626530323138303839306164356561363733613333346465633832666563333836383830623730313061636537346534393537643962626636653763306539313832363438383936613566643939346631306134223B733A31343A2269645F6F7063696F6E5F726F6C65223B733A313A2231223B733A363A226E6F6D627265223B733A363A226D6167616C69223B733A383A226170656C6C69646F223B733A343A2276657261223B733A383A226C6F67676564696E223B623A313B7D, null, null, null);
INSERT INTO herbalife_dev.ci_sessions (id, ip_address, timestamp, data, last_activity, id_usuario, id_hbf_sesion) VALUES ('sm4bm2gvr7br90b1rbcsc5lpom', '127.0.0.1', 1553035493, 0x5F5F63695F6C6173745F726567656E65726174657C693A313535333033353439333B61646D696E5F6C6F67676564696E7C613A373A7B733A31303A2269645F7573756172696F223B733A323A223132223B733A353A22656D61696C223B733A31343A226D61677940676D61696C2E636F6D223B733A383A2270617373776F7264223B733A3132383A223335626236623232393263353433613362656134373936303665363735356139303334616361336664306133626530323138303839306164356561363733613333346465633832666563333836383830623730313061636537346534393537643962626636653763306539313832363438383936613566643939346631306134223B733A31343A2269645F6F7063696F6E5F726F6C65223B733A313A2231223B733A363A226E6F6D627265223B733A363A226D6167616C69223B733A383A226170656C6C69646F223B733A343A2276657261223B733A383A226C6F67676564696E223B623A313B7D, null, null, null);
INSERT INTO herbalife_dev.ci_sessions (id, ip_address, timestamp, data, last_activity, id_usuario, id_hbf_sesion) VALUES ('stois7lsuq4rs5i6nll4gvfi60', '127.0.0.1', 1547514774, 0x5F5F63695F6C6173745F726567656E65726174657C693A313534373531343737343B61646D696E5F6C6F67676564696E7C613A373A7B733A31303A2269645F7573756172696F223B733A323A223132223B733A353A22656D61696C223B733A31343A226D61677940676D61696C2E636F6D223B733A383A2270617373776F7264223B733A3132383A223335626236623232393263353433613362656134373936303665363735356139303334616361336664306133626530323138303839306164356561363733613333346465633832666563333836383830623730313061636537346534393537643962626636653763306539313832363438383936613566643939346631306134223B733A31343A2269645F6F7063696F6E5F726F6C65223B733A313A2231223B733A363A226E6F6D627265223B733A363A226D6167616C69223B733A383A226170656C6C69646F223B733A343A2276657261223B733A383A226C6F67676564696E223B623A313B7D, null, null, null);
INSERT INTO herbalife_dev.ci_sessions (id, ip_address, timestamp, data, last_activity, id_usuario, id_hbf_sesion) VALUES ('tbh3t1c85ka2ujkq3ir97cebhj', '127.0.0.1', 1539309556, 0x5F5F63695F6C6173745F726567656E65726174657C693A313533393330393535363B, null, null, null);
INSERT INTO herbalife_dev.ci_sessions (id, ip_address, timestamp, data, last_activity, id_usuario, id_hbf_sesion) VALUES ('u4h9ior2fsps1a8c6bo9m3qsf9', '127.0.0.1', 1553034098, 0x5F5F63695F6C6173745F726567656E65726174657C693A313535333033343039353B, null, null, null);
INSERT INTO herbalife_dev.ci_sessions (id, ip_address, timestamp, data, last_activity, id_usuario, id_hbf_sesion) VALUES ('vh4h2q7lrv75fbebvdah7lhc6h', '127.0.0.1', 1539309557, 0x5F5F63695F6C6173745F726567656E65726174657C693A313533393330393535363B, null, null, null);
CREATE TABLE herbalife_dev.ci_settings
(
    id_setting int(11) unsigned PRIMARY KEY NOT NULL AUTO_INCREMENT,
    nombre varchar(250),
    tabla varchar(250) NOT NULL COMMENT '{"label":"Tabla","input":"select","options":"db_tabs"}',
    id_field varchar(250) COMMENT '{"label":"Columna Referencia","validate":0,"input":"select","class":"table-ref"}',
    fields varchar(800) COMMENT '{"validate":0,"label":"Columnas","input":"multiselect","class":"table-fields"}',
    edit_tag varchar(250) COMMENT '{"validate":0}',
    descripcion varchar(500),
    estado varchar(15) DEFAULT 'ENABLED' NOT NULL,
    change_count int(11) DEFAULT '0' NOT NULL,
    id_user_modified int(11) unsigned NOT NULL,
    id_user_created int(11) unsigned NOT NULL,
    date_modified datetime,
    date_created datetime,
    CONSTRAINT ci_settings_ibfk_2 FOREIGN KEY (id_user_modified) REFERENCES herbalife_dev.ci_usuarios (id_usuario),
    CONSTRAINT ci_settings_ibfk_1 FOREIGN KEY (id_user_created) REFERENCES herbalife_dev.ci_usuarios (id_usuario)
);
CREATE INDEX ci_settings_ibfk_2 ON herbalife_dev.ci_settings (id_user_modified);
CREATE INDEX ci_settings_ibfk_1 ON herbalife_dev.ci_settings (id_user_created);
INSERT INTO herbalife_dev.ci_settings (id_setting, nombre, tabla, id_field, fields, edit_tag, descripcion, estado, change_count, id_user_modified, id_user_created, date_modified, date_created) VALUES (1, 'Modulos', 'ci_modulos', 'id_opcion_modulo', '["id_modulo","id_opcion_modulo","listed","descripcion","icon","url","estado","change_count","id_user_modified","id_user_created","date_modified","date_created"]', 'edit-modulos', 'Opciones para los módulos del sistema', 'ENABLED', 0, 1, 1, '2018-07-20 00:04:54', '2018-06-14 23:20:39');
INSERT INTO herbalife_dev.ci_settings (id_setting, nombre, tabla, id_field, fields, edit_tag, descripcion, estado, change_count, id_user_modified, id_user_created, date_modified, date_created) VALUES (2, 'Tipo Asociado', 'ci_usuarios', 'id_option_tipo_asociado', '["id_usuario","nombre","apellido","email","sexo","invitado_por","cellphone_number_1","id_option_tipo_asociado","id_club","id_turno","id_sesion","id_opcion_role","foto_perfil","estado","date_modified","date_created"]', 'edit-tipo_asociado', 'Opciones para el tipo de asociado', 'ENABLED', 0, 1, 1, '2018-07-20 00:06:04', '2018-06-14 23:21:04');
INSERT INTO herbalife_dev.ci_settings (id_setting, nombre, tabla, id_field, fields, edit_tag, descripcion, estado, change_count, id_user_modified, id_user_created, date_modified, date_created) VALUES (3, 'Nivel Asociado', 'ci_usuarios', 'id_option_nivel_asociado', '["id_usuario","nombre","apellido","sexo","cellphone_number_1","id_option_nivel_asociado","id_club","id_turno","id_sesion","id_opcion_role","foto_perfil","estado","date_modified","date_created"]', 'edit-nivel_asociado', 'Opciones para el nivel de asociado', 'ENABLED', 0, 1, 1, '2018-07-20 00:07:05', '2018-06-14 23:20:59');
INSERT INTO herbalife_dev.ci_settings (id_setting, nombre, tabla, id_field, fields, edit_tag, descripcion, estado, change_count, id_user_modified, id_user_created, date_modified, date_created) VALUES (4, 'Roles', 'ci_usuarios', 'id_opcion_role', '["id_usuario","nombre","apellido","fec_nacimiento","sexo","cellphone_number_1","id_club","id_turno","id_sesion","id_opcion_role","foto_perfil","estado","date_modified","date_created"]', 'edit-roles', 'Opciones para el role del usuario', 'ENABLED', 0, 1, 1, '2018-07-20 00:07:59', '2018-06-14 23:20:52');
INSERT INTO herbalife_dev.ci_settings (id_setting, nombre, tabla, id_field, fields, edit_tag, descripcion, estado, change_count, id_user_modified, id_user_created, date_modified, date_created) VALUES (5, 'Usuario', 'ci_usuarios', 'id_tipo_usuario', '["id_usuario","nombre","apellido","fec_nacimiento","sexo","cellphone_number_1","id_club","id_turno","id_sesion","foto_perfil","id_tipo_usuario","estado","date_modified","date_created"]', 'edit-tipo_usuario', 'Opciones', 'ENABLED', 0, 1, 1, '2018-07-20 00:09:03', '2018-06-14 23:20:46');
INSERT INTO herbalife_dev.ci_settings (id_setting, nombre, tabla, id_field, fields, edit_tag, descripcion, estado, change_count, id_user_modified, id_user_created, date_modified, date_created) VALUES (6, 'Tipo de producto', 'hbf_productos', null, null, 'edit-tipo_producto', 'Opciones para el tipo de producto', 'ENABLED', 0, 1, 1, '2018-06-14 23:21:23', '2018-06-14 23:21:23');
INSERT INTO herbalife_dev.ci_settings (id_setting, nombre, tabla, id_field, fields, edit_tag, descripcion, estado, change_count, id_user_modified, id_user_created, date_modified, date_created) VALUES (7, 'Categoría de Productos', 'hbf_productos', '', '', 'edit-categoria_producto', 'Opciones para las categorías de productos', 'ENABLED', 0, 1, 1, '2018-06-21 21:53:45', '2018-06-14 23:21:17');
INSERT INTO herbalife_dev.ci_settings (id_setting, nombre, tabla, id_field, fields, edit_tag, descripcion, estado, change_count, id_user_modified, id_user_created, date_modified, date_created) VALUES (8, 'Prepagos', 'hbf_prepagos', '', '', 'edit-prepagos', 'Opciones para los tipos de prepago', 'ENABLED', 0, 1, 1, '2018-06-21 21:52:26', '2018-06-14 23:21:11');
INSERT INTO herbalife_dev.ci_settings (id_setting, nombre, tabla, id_field, fields, edit_tag, descripcion, estado, change_count, id_user_modified, id_user_created, date_modified, date_created) VALUES (9, 'Sesiones', 'hbf_sesiones', '', '', 'edit-ini', 'Opciones para sesiones del club', 'ENABLED', 0, 1, 1, '2018-06-21 23:37:51', '2018-06-15 03:39:25');
INSERT INTO herbalife_dev.ci_settings (id_setting, nombre, tabla, id_field, fields, edit_tag, descripcion, estado, change_count, id_user_modified, id_user_created, date_modified, date_created) VALUES (10, 'Turnos', 'hbf_turnos', '', '', 'edit-ini', 'Opciones para turnos del club', 'ENABLED', 0, 1, 1, '2018-06-21 23:37:25', '2018-06-21 23:35:45');
CREATE TABLE herbalife_dev.ci_usuarios
(
    id_usuario int(11) unsigned PRIMARY KEY NOT NULL AUTO_INCREMENT,
    nombre varchar(256),
    apellido varchar(256),
    username varchar(250),
    email varchar(100) DEFAULT '' NOT NULL COMMENT '{"validate":["email"]}',
    password varchar(128) DEFAULT '' NOT NULL COMMENT '{"validate":["password"],"input":"password"}',
    fec_nacimiento date,
    sexo varchar(15) COMMENT '{"input":"radios","options":["Masculino","Femenino"]}',
    invitado_por int(10) unsigned COMMENT '{"label":"Invitado por","input":"dropdown","selectBy":["nombre","apellido"],"validate":0}',
    phone_number_1 varchar(20) COMMENT '{"label":"Telefono 1"}',
    phone_number_2 varchar(20) COMMENT '{"labe":"Telefono 2"}',
    cellphone_number_1 varchar(20) COMMENT '{"label":"Celular 1"}',
    cellphone_number_2 varchar(20) COMMENT '{"label":"Celular 2"}',
    cod_acceso varchar(50) COMMENT '{"label":"Codigo de acceso"}',
    id_option_tipo_asociado int(10) unsigned COMMENT '{"label":"Tipo de asociado","input":"dropdown","selectBy":["id_setting"],"filterBy":{"id_setting":2,"0":"nombre"}}',
    id_option_nivel_asociado int(10) unsigned COMMENT '{"label":"Nivel de asociado","input":"dropdown","selectBy":["id_setting"],"filterBy":{"id_setting":3,"0":"nombre"}}',
    id_club int(10) unsigned COMMENT '{"label":"Club Perteneciente","input":"select","selectBy":["nombre"]}',
    id_turno int(10) unsigned COMMENT '{"label":"Turno de","input":"dropdown","selectBy":"id_asociado"}',
    id_sesion int(10) unsigned COMMENT '{"label":"Sesion de","input":"select","selectBy":["id_asociado"]}',
    id_opcion_role int(10) unsigned COMMENT '{"label":"Role del usuario","input":"radios","selectBy":["id_setting"],"filterBy":{"id_setting":4,"0":"nombre"}}',
    foto_perfil int(11) unsigned COMMENT '{"label":"Foto de perfil","input":"image","validate":0}',
    app_monitor varchar(50) COMMENT '{"label":"Permitir app monitoreo","input":"radios","options":["SI","NO"]}',
    app_orders varchar(50) COMMENT '{"label":"Permitir app ordenes","input":"radios","options":["SI","NO"]}',
    app_admin varchar(50) COMMENT '{"label":"Permitir app administrador","input":"radios","options":["SI","NO"]}',
    change_count int(11) DEFAULT '0' NOT NULL,
    herbalife_key varchar(256),
    id_tipo_usuario int(10) unsigned COMMENT '{"label":"Tipo de Usuario","input":"radios","selectBy":["id_setting"],"filterBy":{"id_setting":5,"0":"nombre"}}',
    estado varchar(15) DEFAULT 'ENABLED' NOT NULL,
    date_modified datetime NOT NULL,
    date_created datetime NOT NULL,
    CONSTRAINT ci_usuarios_ibfk_3 FOREIGN KEY (invitado_por) REFERENCES herbalife_dev.ci_usuarios (id_usuario),
    CONSTRAINT ci_usuarios_ibfk_1 FOREIGN KEY (id_option_tipo_asociado) REFERENCES herbalife_dev.ci_options (id_option),
    CONSTRAINT ci_usuarios_ibfk_2 FOREIGN KEY (id_option_nivel_asociado) REFERENCES herbalife_dev.ci_options (id_option),
    CONSTRAINT ci_usuarios_ibfk_8 FOREIGN KEY (id_club) REFERENCES herbalife_dev.hbf_clubs (id_club),
    CONSTRAINT ci_usuarios_ibfk_5 FOREIGN KEY (id_turno) REFERENCES herbalife_dev.hbf_turnos (id_turno),
    CONSTRAINT ci_usuarios_ibfk_6 FOREIGN KEY (id_sesion) REFERENCES herbalife_dev.hbf_sesiones (id_sesion),
    CONSTRAINT ci_usuarios_ibfk_4 FOREIGN KEY (id_opcion_role) REFERENCES herbalife_dev.ci_options (id_option),
    CONSTRAINT ci_usuarios_ibfk_7 FOREIGN KEY (id_tipo_usuario) REFERENCES herbalife_dev.ci_options (id_option)
);
CREATE INDEX ci_usuarios_ibfk_3 ON herbalife_dev.ci_usuarios (invitado_por);
CREATE INDEX ci_usuarios_ibfk_1 ON herbalife_dev.ci_usuarios (id_option_tipo_asociado);
CREATE INDEX ci_usuarios_ibfk_2 ON herbalife_dev.ci_usuarios (id_option_nivel_asociado);
CREATE INDEX ci_usuarios_ibfk_8 ON herbalife_dev.ci_usuarios (id_club);
CREATE INDEX ci_usuarios_ibfk_5 ON herbalife_dev.ci_usuarios (id_turno);
CREATE INDEX ci_usuarios_ibfk_6 ON herbalife_dev.ci_usuarios (id_sesion);
CREATE INDEX ci_usuarios_ibfk_4 ON herbalife_dev.ci_usuarios (id_opcion_role);
CREATE INDEX ci_usuarios_ibfk_7 ON herbalife_dev.ci_usuarios (id_tipo_usuario);
INSERT INTO herbalife_dev.ci_usuarios (id_usuario, nombre, apellido, username, email, password, fec_nacimiento, sexo, invitado_por, phone_number_1, phone_number_2, cellphone_number_1, cellphone_number_2, cod_acceso, id_option_tipo_asociado, id_option_nivel_asociado, id_club, id_turno, id_sesion, id_opcion_role, foto_perfil, app_monitor, app_orders, app_admin, change_count, herbalife_key, id_tipo_usuario, estado, date_modified, date_created) VALUES (1, 'Rafael', 'Gutierrez', null, 'rafael@herbalife.com.bo', '7e16e374e98f5fd616092e55c81424a4ae7663bb3983ed9de09f01efd4a8ab59cb7f227fe41b2c68d21271b07b3e365f12c40545c4f46ab67bea254cd72bafe7', null, null, null, null, null, null, null, null, null, null, null, null, null, 1, null, null, null, null, 0, null, null, 'ENABLED', '2018-06-11 15:01:55', '2018-06-11 15:01:55');
INSERT INTO herbalife_dev.ci_usuarios (id_usuario, nombre, apellido, username, email, password, fec_nacimiento, sexo, invitado_por, phone_number_1, phone_number_2, cellphone_number_1, cellphone_number_2, cod_acceso, id_option_tipo_asociado, id_option_nivel_asociado, id_club, id_turno, id_sesion, id_opcion_role, foto_perfil, app_monitor, app_orders, app_admin, change_count, herbalife_key, id_tipo_usuario, estado, date_modified, date_created) VALUES (2, 'Ernesto', 'Valdivieso', null, '', 'c7f8de33a576703e8990cce58d023adcc1949bdccf956a0da0e52b4f93062c187367d8df28adf754827da89825e93ebd7c75eddfea28d742d0df4d192d4dc223', null, '0', null, null, null, null, null, null, null, null, null, null, null, 26, 0, null, null, null, 0, null, null, 'ENABLED', '2018-06-21 23:42:20', '2018-06-21 23:42:20');
INSERT INTO herbalife_dev.ci_usuarios (id_usuario, nombre, apellido, username, email, password, fec_nacimiento, sexo, invitado_por, phone_number_1, phone_number_2, cellphone_number_1, cellphone_number_2, cod_acceso, id_option_tipo_asociado, id_option_nivel_asociado, id_club, id_turno, id_sesion, id_opcion_role, foto_perfil, app_monitor, app_orders, app_admin, change_count, herbalife_key, id_tipo_usuario, estado, date_modified, date_created) VALUES (3, 'Esteban', 'Arce', null, '', 'c7f8de33a576703e8990cce58d023adcc1949bdccf956a0da0e52b4f93062c187367d8df28adf754827da89825e93ebd7c75eddfea28d742d0df4d192d4dc223', null, '0', null, null, null, null, null, null, null, null, null, null, null, 26, 0, null, null, null, 0, null, null, 'ENABLED', '2018-06-22 10:26:04', '2018-06-22 10:26:04');
INSERT INTO herbalife_dev.ci_usuarios (id_usuario, nombre, apellido, username, email, password, fec_nacimiento, sexo, invitado_por, phone_number_1, phone_number_2, cellphone_number_1, cellphone_number_2, cod_acceso, id_option_tipo_asociado, id_option_nivel_asociado, id_club, id_turno, id_sesion, id_opcion_role, foto_perfil, app_monitor, app_orders, app_admin, change_count, herbalife_key, id_tipo_usuario, estado, date_modified, date_created) VALUES (4, 'javier', 'ascar', null, '', 'c7f8de33a576703e8990cce58d023adcc1949bdccf956a0da0e52b4f93062c187367d8df28adf754827da89825e93ebd7c75eddfea28d742d0df4d192d4dc223', null, '0', null, null, null, null, null, null, null, null, null, null, null, 26, 0, null, null, null, 0, null, null, 'ENABLED', '2018-07-05 02:52:39', '2018-07-05 02:52:39');
INSERT INTO herbalife_dev.ci_usuarios (id_usuario, nombre, apellido, username, email, password, fec_nacimiento, sexo, invitado_por, phone_number_1, phone_number_2, cellphone_number_1, cellphone_number_2, cod_acceso, id_option_tipo_asociado, id_option_nivel_asociado, id_club, id_turno, id_sesion, id_opcion_role, foto_perfil, app_monitor, app_orders, app_admin, change_count, herbalife_key, id_tipo_usuario, estado, date_modified, date_created) VALUES (6, 'Juan', 'Perez', null, '', 'c7f8de33a576703e8990cce58d023adcc1949bdccf956a0da0e52b4f93062c187367d8df28adf754827da89825e93ebd7c75eddfea28d742d0df4d192d4dc223', null, '0', null, null, null, null, null, null, null, null, null, null, null, 26, 0, null, null, null, 0, null, null, 'ENABLED', '2018-07-21 13:10:10', '2018-07-21 13:10:10');
INSERT INTO herbalife_dev.ci_usuarios (id_usuario, nombre, apellido, username, email, password, fec_nacimiento, sexo, invitado_por, phone_number_1, phone_number_2, cellphone_number_1, cellphone_number_2, cod_acceso, id_option_tipo_asociado, id_option_nivel_asociado, id_club, id_turno, id_sesion, id_opcion_role, foto_perfil, app_monitor, app_orders, app_admin, change_count, herbalife_key, id_tipo_usuario, estado, date_modified, date_created) VALUES (9, 'Ricardo', 'Peralta', null, '', 'c7f8de33a576703e8990cce58d023adcc1949bdccf956a0da0e52b4f93062c187367d8df28adf754827da89825e93ebd7c75eddfea28d742d0df4d192d4dc223', null, '0', null, null, null, null, null, null, null, null, null, null, null, 26, 0, null, null, null, 0, null, null, 'ENABLED', '2018-07-21 14:45:19', '2018-07-21 14:45:19');
INSERT INTO herbalife_dev.ci_usuarios (id_usuario, nombre, apellido, username, email, password, fec_nacimiento, sexo, invitado_por, phone_number_1, phone_number_2, cellphone_number_1, cellphone_number_2, cod_acceso, id_option_tipo_asociado, id_option_nivel_asociado, id_club, id_turno, id_sesion, id_opcion_role, foto_perfil, app_monitor, app_orders, app_admin, change_count, herbalife_key, id_tipo_usuario, estado, date_modified, date_created) VALUES (11, 'Magali ', 'Vera', null, 'magali@herbalife.com.bo', '35bb6b2292c543a3bea479606e6755a9034aca3fd0a3be02180890ad5ea673a334dec82fec386880b7010ace74e4957d9bbf6e7c0e9182648896a5fd994f10a4', null, null, null, null, null, null, null, null, null, null, null, null, null, 7, null, null, null, null, 0, null, null, 'ENABLED', '2018-09-11 16:35:34', '2018-09-11 16:35:34');
INSERT INTO herbalife_dev.ci_usuarios (id_usuario, nombre, apellido, username, email, password, fec_nacimiento, sexo, invitado_por, phone_number_1, phone_number_2, cellphone_number_1, cellphone_number_2, cod_acceso, id_option_tipo_asociado, id_option_nivel_asociado, id_club, id_turno, id_sesion, id_opcion_role, foto_perfil, app_monitor, app_orders, app_admin, change_count, herbalife_key, id_tipo_usuario, estado, date_modified, date_created) VALUES (12, 'magali', 'vera', 'vmagui', 'magy@gmail.com', '35bb6b2292c543a3bea479606e6755a9034aca3fd0a3be02180890ad5ea673a334dec82fec386880b7010ace74e4957d9bbf6e7c0e9182648896a5fd994f10a4', null, '1', 12, '1234567', '1234567', '123456789', '12345678', '123456789', 19, 20, 1, 3, 1, 1, 0, '0', '0', '0', 0, '123456', 10, 'ENABLED', '2018-09-15 21:46:12', '2018-09-12 17:51:05');
INSERT INTO herbalife_dev.ci_usuarios (id_usuario, nombre, apellido, username, email, password, fec_nacimiento, sexo, invitado_por, phone_number_1, phone_number_2, cellphone_number_1, cellphone_number_2, cod_acceso, id_option_tipo_asociado, id_option_nivel_asociado, id_club, id_turno, id_sesion, id_opcion_role, foto_perfil, app_monitor, app_orders, app_admin, change_count, herbalife_key, id_tipo_usuario, estado, date_modified, date_created) VALUES (13, 'Pepito', 'Perez', null, '', 'c7f8de33a576703e8990cce58d023adcc1949bdccf956a0da0e52b4f93062c187367d8df28adf754827da89825e93ebd7c75eddfea28d742d0df4d192d4dc223', null, '0', null, null, null, null, null, null, null, null, null, null, null, 26, 0, null, null, null, 0, null, null, 'ENABLED', '2018-09-15 21:56:22', '2018-09-15 21:56:22');
INSERT INTO herbalife_dev.ci_usuarios (id_usuario, nombre, apellido, username, email, password, fec_nacimiento, sexo, invitado_por, phone_number_1, phone_number_2, cellphone_number_1, cellphone_number_2, cod_acceso, id_option_tipo_asociado, id_option_nivel_asociado, id_club, id_turno, id_sesion, id_opcion_role, foto_perfil, app_monitor, app_orders, app_admin, change_count, herbalife_key, id_tipo_usuario, estado, date_modified, date_created) VALUES (14, 'Carolina', 'Vargas', null, '', 'c7f8de33a576703e8990cce58d023adcc1949bdccf956a0da0e52b4f93062c187367d8df28adf754827da89825e93ebd7c75eddfea28d742d0df4d192d4dc223', null, '1', null, null, null, null, null, null, null, null, null, null, null, 26, 0, null, null, null, 0, null, null, 'ENABLED', '2018-09-15 22:17:48', '2018-09-15 22:17:48');
INSERT INTO herbalife_dev.ci_usuarios (id_usuario, nombre, apellido, username, email, password, fec_nacimiento, sexo, invitado_por, phone_number_1, phone_number_2, cellphone_number_1, cellphone_number_2, cod_acceso, id_option_tipo_asociado, id_option_nivel_asociado, id_club, id_turno, id_sesion, id_opcion_role, foto_perfil, app_monitor, app_orders, app_admin, change_count, herbalife_key, id_tipo_usuario, estado, date_modified, date_created) VALUES (18, 'karen', 'Gomez', null, '', 'c7f8de33a576703e8990cce58d023adcc1949bdccf956a0da0e52b4f93062c187367d8df28adf754827da89825e93ebd7c75eddfea28d742d0df4d192d4dc223', null, '1', null, null, null, null, null, null, null, null, null, null, null, 26, 0, null, null, null, 0, null, null, 'ENABLED', '2018-09-17 22:12:20', '2018-09-17 22:12:20');
INSERT INTO herbalife_dev.ci_usuarios (id_usuario, nombre, apellido, username, email, password, fec_nacimiento, sexo, invitado_por, phone_number_1, phone_number_2, cellphone_number_1, cellphone_number_2, cod_acceso, id_option_tipo_asociado, id_option_nivel_asociado, id_club, id_turno, id_sesion, id_opcion_role, foto_perfil, app_monitor, app_orders, app_admin, change_count, herbalife_key, id_tipo_usuario, estado, date_modified, date_created) VALUES (19, 'isabel', 'peralta', null, '', 'c7f8de33a576703e8990cce58d023adcc1949bdccf956a0da0e52b4f93062c187367d8df28adf754827da89825e93ebd7c75eddfea28d742d0df4d192d4dc223', null, '1', null, null, null, null, null, null, null, null, null, null, null, 26, 0, null, null, null, 0, null, null, 'ENABLED', '2018-09-18 12:14:48', '2018-09-18 12:14:48');
INSERT INTO herbalife_dev.ci_usuarios (id_usuario, nombre, apellido, username, email, password, fec_nacimiento, sexo, invitado_por, phone_number_1, phone_number_2, cellphone_number_1, cellphone_number_2, cod_acceso, id_option_tipo_asociado, id_option_nivel_asociado, id_club, id_turno, id_sesion, id_opcion_role, foto_perfil, app_monitor, app_orders, app_admin, change_count, herbalife_key, id_tipo_usuario, estado, date_modified, date_created) VALUES (20, 'maria', 'pinedo', 'maria', 'maria@gmail.com', '35bb6b2292c543a3bea479606e6755a9034aca3fd0a3be02180890ad5ea673a334dec82fec386880b7010ace74e4957d9bbf6e7c0e9182648896a5fd994f10a4', null, '1', 19, '1234567', '123456', '123123', '1234567', '1234567', 19, 20, 1, 3, 1, 7, 0, '0', '0', '0', 0, '123456', 10, 'ENABLED', '2018-09-18 13:02:26', '2018-09-18 13:02:26');
INSERT INTO herbalife_dev.ci_usuarios (id_usuario, nombre, apellido, username, email, password, fec_nacimiento, sexo, invitado_por, phone_number_1, phone_number_2, cellphone_number_1, cellphone_number_2, cod_acceso, id_option_tipo_asociado, id_option_nivel_asociado, id_club, id_turno, id_sesion, id_opcion_role, foto_perfil, app_monitor, app_orders, app_admin, change_count, herbalife_key, id_tipo_usuario, estado, date_modified, date_created) VALUES (21, 'Beatriz', 'Cardozo', null, '', 'c7f8de33a576703e8990cce58d023adcc1949bdccf956a0da0e52b4f93062c187367d8df28adf754827da89825e93ebd7c75eddfea28d742d0df4d192d4dc223', null, '1', null, null, null, null, null, null, null, null, null, null, null, 26, 0, null, null, null, 0, null, null, 'ENABLED', '2018-10-01 21:03:28', '2018-10-01 21:03:28');
INSERT INTO herbalife_dev.ci_usuarios (id_usuario, nombre, apellido, username, email, password, fec_nacimiento, sexo, invitado_por, phone_number_1, phone_number_2, cellphone_number_1, cellphone_number_2, cod_acceso, id_option_tipo_asociado, id_option_nivel_asociado, id_club, id_turno, id_sesion, id_opcion_role, foto_perfil, app_monitor, app_orders, app_admin, change_count, herbalife_key, id_tipo_usuario, estado, date_modified, date_created) VALUES (22, 'Daphe', 'Farfan', 'dFarfan', 'dfarfan@herbalife.com', '35bb6b2292c543a3bea479606e6755a9034aca3fd0a3be02180890ad5ea673a334dec82fec386880b7010ace74e4957d9bbf6e7c0e9182648896a5fd994f10a4', null, '1', 1, '21231321', '123123', '6231231', '', '123', 19, 20, 1, 3, 2, 6, 0, '0', '0', '0', 0, '123123', null, 'ENABLED', '2019-01-14 21:31:30', '2019-01-14 21:31:30');
CREATE TABLE herbalife_dev.hbf_clubs
(
    id_club int(10) unsigned PRIMARY KEY NOT NULL AUTO_INCREMENT,
    nombre varchar(100) NOT NULL,
    email varchar(100) NOT NULL,
    direccion varchar(200) NOT NULL,
    licencia varchar(100) NOT NULL,
    direccion_gps varchar(100) NOT NULL COMMENT '{"validate":0,"input":"hidden"}',
    ids_miembros varchar(500) COMMENT '{"label":"Agregar Miembros","input":"button","subTable":"hbf_usuarios","subview":"edit-ini",
"action":"edit","onclick":"oModal.open(this)","content":"Haz click para agregar nuevos miembros","validate":0}',
    ids_turnos varchar(500) COMMENT '{"label":"Agregar Turnos","input":"button","subTable":"hbf_turnos","action":"edit","onclick":"oModal.open(this)","content":"Haz click para agregar nuevos turnos","validate":0}',
    estado varchar(15) DEFAULT 'ENABLED' NOT NULL,
    change_count int(11) DEFAULT '0' NOT NULL,
    id_user_modified int(11) unsigned NOT NULL COMMENT '{"selectBy":["nombre","apellido"],"input":"multiselect","label":"Ususario que modifico"}',
    id_user_created int(11) unsigned NOT NULL COMMENT '{"selectBy":["nombre","apellido"],"input":"multiselect","label":"Ususario que creo"}',
    date_modified datetime NOT NULL,
    date_created datetime NOT NULL,
    CONSTRAINT hbf_clubs_ibfk_2 FOREIGN KEY (id_user_modified) REFERENCES herbalife_dev.ci_usuarios (id_usuario),
    CONSTRAINT hbf_clubs_ibfk_1 FOREIGN KEY (id_user_created) REFERENCES herbalife_dev.ci_usuarios (id_usuario)
);
CREATE INDEX hbf_clubs_ibfk_2 ON herbalife_dev.hbf_clubs (id_user_modified);
CREATE INDEX hbf_clubs_ibfk_3 ON herbalife_dev.hbf_clubs (id_user_created);
INSERT INTO herbalife_dev.hbf_clubs (id_club, nombre, email, direccion, licencia, direccion_gps, ids_miembros, ids_turnos, estado, change_count, id_user_modified, id_user_created, date_modified, date_created) VALUES (1, 'Club Socabaya', 'fernando@herbalife.com', 'C. Socabaya', '1232323', '', null, null, 'ENABLED', 0, 1, 1, '2018-06-15 19:57:25', '2018-06-15 19:57:25');
INSERT INTO herbalife_dev.hbf_clubs (id_club, nombre, email, direccion, licencia, direccion_gps, ids_miembros, ids_turnos, estado, change_count, id_user_modified, id_user_created, date_modified, date_created) VALUES (2, 'Club Nutricion', 'magali@gmail.com', 'villa fatima', '123123123', '', null, null, 'ENABLED', 0, 1, 1, '2018-10-12 19:33:45', '2018-10-12 19:33:45');
INSERT INTO herbalife_dev.hbf_clubs (id_club, nombre, email, direccion, licencia, direccion_gps, ids_miembros, ids_turnos, estado, change_count, id_user_modified, id_user_created, date_modified, date_created) VALUES (3, 'Club Herbalife', 'carla@ gmail.com', 'camacho', '123123124', '', null, null, 'ENABLED', 0, 1, 1, '2018-10-12 19:35:25', '2018-10-12 19:34:43');
INSERT INTO herbalife_dev.hbf_clubs (id_club, nombre, email, direccion, licencia, direccion_gps, ids_miembros, ids_turnos, estado, change_count, id_user_modified, id_user_created, date_modified, date_created) VALUES (4, 'club Choco Menta', 'irma@gmail.com', 'murillo', '12456733', '', null, null, 'ENABLED', 0, 1, 1, '2018-10-12 19:42:52', '2018-10-12 19:42:52');
INSERT INTO herbalife_dev.hbf_clubs (id_club, nombre, email, direccion, licencia, direccion_gps, ids_miembros, ids_turnos, estado, change_count, id_user_modified, id_user_created, date_modified, date_created) VALUES (5, 'Club Herbalife Nutricion', 'David@gmail.com', 'calle Santa cruz', '56743524', '', null, null, 'ENABLED', 0, 1, 1, '2018-10-12 19:44:02', '2018-10-12 19:44:02');
INSERT INTO herbalife_dev.hbf_clubs (id_club, nombre, email, direccion, licencia, direccion_gps, ids_miembros, ids_turnos, estado, change_count, id_user_modified, id_user_created, date_modified, date_created) VALUES (6, 'Club Aloe Nutricion', 'magalivera@gmail.com', 'Plaza Murillo', '76538909', '', null, null, 'ENABLED', 0, 1, 1, '2018-10-29 19:06:47', '2018-10-29 19:06:47');
INSERT INTO herbalife_dev.hbf_clubs (id_club, nombre, email, direccion, licencia, direccion_gps, ids_miembros, ids_turnos, estado, change_count, id_user_modified, id_user_created, date_modified, date_created) VALUES (7, 'Club de Daphne Farfan', 'clubfarfan@herbalife.com', 'C. Indaburo', '456789', '', null, null, 'ENABLED', 0, 1, 1, '2019-01-14 20:13:26', '2019-01-14 20:11:40');
CREATE TABLE herbalife_dev.hbf_comandas
(
    id_comanda int(10) unsigned PRIMARY KEY NOT NULL AUTO_INCREMENT,
    id_club int(10) unsigned NOT NULL COMMENT '{"label":"Nombre del Club","input":"select","selectBy":"nombre"}',
    id_turno int(10) unsigned NOT NULL COMMENT '{"label":"Turno de","input":"select","selectBy":["id_asociado","descripcion"]}',
    id_sesion int(11) unsigned NOT NULL COMMENT '{"label":"Sesion de","input":"select","selectBy":"id_asociado"}',
    id_cliente int(10) unsigned NOT NULL COMMENT '{"label":"Nombre del Cliente","input":"default","selectBy":["nombre","apellido"],"button":{"content":"Nuevo Cliente","action":"edit","subTable":"ci_usuarios","subView":"draft","onclick":"oModal.open(this)"}}',
    ids_vasos varchar(250) COMMENT '{"label":"Agregar Vasos","input":"button","subTable":"hbf_vasos","action":"edit","onclick":"oCrud.save(this,oModal.open)","content":"Haz click para agregar vasos","validate":0}',
    importe decimal(10) COMMENT '{"validate":0}',
    a_cuenta decimal(10) COMMENT '{"validate":0}',
    saldo decimal(10) COMMENT '{"validate":0}',
    prioridad varchar(500) COMMENT '{"label":"Prioridad","input":"radios","options":["programada","normal","rapida"],"validate":0}',
    hora_entrega time COMMENT '{"validate":0}',
    tipo_consumo varchar(500) COMMENT '{"label":"Tipo de Consumo","input":"select","options":["Socio","Estudiante"]}',
    comentarios text COMMENT '{"validate":0}',
    id_ficha_prepago int(10) unsigned COMMENT '{"label":"Ficha Prepago","input":"select","selectBy":"id_cliente","validate":0}',
    pagado varchar(10) COMMENT '{"label":"Estado de la comanda","input":"radios","options":["debe","pagado"],"validate":0}',
    estado varchar(15) DEFAULT 'ENABLED' NOT NULL,
    change_count int(11) DEFAULT '0' NOT NULL,
    id_user_modified int(11) unsigned NOT NULL,
    id_user_created int(11) unsigned NOT NULL,
    date_modified datetime NOT NULL,
    date_created datetime NOT NULL,
    CONSTRAINT hbf_comandas_ibfk_1 FOREIGN KEY (id_club) REFERENCES herbalife_dev.hbf_clubs (id_club) ON DELETE CASCADE ON UPDATE CASCADE,
    CONSTRAINT hbf_comandas_ibfk_2 FOREIGN KEY (id_turno) REFERENCES herbalife_dev.hbf_turnos (id_turno) ON DELETE CASCADE ON UPDATE CASCADE,
    CONSTRAINT hbf_comandas_ibfk_3 FOREIGN KEY (id_sesion) REFERENCES herbalife_dev.hbf_sesiones (id_sesion),
    CONSTRAINT hbf_comandas_ibfk_6 FOREIGN KEY (id_cliente) REFERENCES herbalife_dev.ci_usuarios (id_usuario),
    CONSTRAINT hbf_comandas_ibfk_8 FOREIGN KEY (id_ficha_prepago) REFERENCES herbalife_dev.hbf_prepagos (id_prepago),
    CONSTRAINT hbf_comandas_ibfk_5 FOREIGN KEY (id_user_modified) REFERENCES herbalife_dev.ci_usuarios (id_usuario),
    CONSTRAINT hbf_comandas_ibfk_4 FOREIGN KEY (id_user_created) REFERENCES herbalife_dev.ci_usuarios (id_usuario)
);
CREATE INDEX hbf_comandas_ibfk_1 ON herbalife_dev.hbf_comandas (id_club);
CREATE INDEX hbf_comandas_ibfk_2 ON herbalife_dev.hbf_comandas (id_turno);
CREATE INDEX hbf_comandas_ibfk_3 ON herbalife_dev.hbf_comandas (id_sesion);
CREATE INDEX hbf_comandas_ibfk_5 ON herbalife_dev.hbf_comandas (id_cliente);
CREATE INDEX hbf_comandas_ibfk_8 ON herbalife_dev.hbf_comandas (id_ficha_prepago);
CREATE INDEX hbf_comandas_ibfk_6 ON herbalife_dev.hbf_comandas (id_user_modified);
CREATE INDEX hbf_comandas_ibfk_7 ON herbalife_dev.hbf_comandas (id_user_created);
INSERT INTO herbalife_dev.hbf_comandas (id_comanda, id_club, id_turno, id_sesion, id_cliente, ids_vasos, importe, a_cuenta, saldo, prioridad, hora_entrega, tipo_consumo, comentarios, id_ficha_prepago, pagado, estado, change_count, id_user_modified, id_user_created, date_modified, date_created) VALUES (1, 1, 3, 1, 22, null, 0, 0, 0, '0', '00:00:00', '0', '', null, '0', 'ENABLED', 0, 1, 1, '2019-03-19 18:26:14', '2019-03-19 18:26:14');
INSERT INTO herbalife_dev.hbf_comandas (id_comanda, id_club, id_turno, id_sesion, id_cliente, ids_vasos, importe, a_cuenta, saldo, prioridad, hora_entrega, tipo_consumo, comentarios, id_ficha_prepago, pagado, estado, change_count, id_user_modified, id_user_created, date_modified, date_created) VALUES (2, 1, 3, 2, 20, null, 0, 0, 0, '0', '00:00:00', '0', '', null, '0', 'ENABLED', 0, 1, 1, '2019-03-19 18:34:33', '2019-03-19 18:34:33');
CREATE TABLE herbalife_dev.hbf_detalles_pedidos
(
    id_detalle_pedido int(10) unsigned PRIMARY KEY NOT NULL AUTO_INCREMENT,
    id_comanda int(11) unsigned COMMENT '{"label":"Comanda del Cliente","input":"select","selectBy":["id_cliente"]}',
    id_vaso int(10) unsigned NOT NULL COMMENT '{"label":"Vaso del Cliente","input":"select","selectBy":["id_comanda"]}',
    id_producto int(10) unsigned NOT NULL COMMENT '{"label":"Producto","input":"checkbox","selectBy":["nombre","foto_producto",["id_option_tipo_producto"]],"divider":"|","insertEachOne":true}',
    cantidad int(11),
    estado varchar(15) DEFAULT 'ENABLED' NOT NULL,
    change_count int(11) DEFAULT '0' NOT NULL,
    id_user_modified int(11) unsigned NOT NULL,
    id_user_created int(11) unsigned NOT NULL,
    date_modified datetime NOT NULL,
    date_created datetime NOT NULL,
    CONSTRAINT hbf_detalles_pedidos_ibfk_6 FOREIGN KEY (id_comanda) REFERENCES herbalife_dev.hbf_comandas (id_comanda),
    CONSTRAINT hbf_detalles_pedidos_ibfk_5 FOREIGN KEY (id_vaso) REFERENCES herbalife_dev.hbf_vasos (id_vaso),
    CONSTRAINT hbf_detalles_pedidos_ibfk_4 FOREIGN KEY (id_producto) REFERENCES herbalife_dev.hbf_productos (id_producto),
    CONSTRAINT hbf_detalles_pedidos_ibfk_2 FOREIGN KEY (id_user_modified) REFERENCES herbalife_dev.ci_usuarios (id_usuario),
    CONSTRAINT hbf_detalles_pedidos_ibfk_1 FOREIGN KEY (id_user_created) REFERENCES herbalife_dev.ci_usuarios (id_usuario)
);
CREATE INDEX id_comanda ON herbalife_dev.hbf_detalles_pedidos (id_comanda);
CREATE INDEX id_vaso ON herbalife_dev.hbf_detalles_pedidos (id_vaso);
CREATE INDEX hbf_detalles_pedidos_ibfk_4 ON herbalife_dev.hbf_detalles_pedidos (id_producto);
CREATE INDEX id_user_modified ON herbalife_dev.hbf_detalles_pedidos (id_user_modified);
CREATE INDEX id_user_created ON herbalife_dev.hbf_detalles_pedidos (id_user_created);
INSERT INTO herbalife_dev.hbf_detalles_pedidos (id_detalle_pedido, id_comanda, id_vaso, id_producto, cantidad, estado, change_count, id_user_modified, id_user_created, date_modified, date_created) VALUES (1, 1, 1, 10, 4, 'ENABLED', 0, 1, 1, '2019-03-19 18:28:33', '2019-03-19 18:28:33');
INSERT INTO herbalife_dev.hbf_detalles_pedidos (id_detalle_pedido, id_comanda, id_vaso, id_producto, cantidad, estado, change_count, id_user_modified, id_user_created, date_modified, date_created) VALUES (2, 1, 1, 12, 2, 'ENABLED', 0, 1, 1, '2019-03-19 18:28:36', '2019-03-19 18:28:36');
CREATE TABLE herbalife_dev.hbf_egresos
(
    id_egreso int(10) unsigned PRIMARY KEY NOT NULL AUTO_INCREMENT,
    id_club int(10) unsigned COMMENT '{"label":"Club de","input":"select","selectBy":["nombre"]}',
    id_turno int(10) unsigned COMMENT '{"label":"Turno de","input":"select","selectBy":["id_asociado"]}',
    id_sesion int(10) unsigned COMMENT '{"label":"Sesion de","input":"select","selectBy":["id_asociado"]}',
    id_cliente int(10) unsigned COMMENT '{"label":"Cliente","input":"default","selectBy":["nombre"],"validate":0}',
    detalle varchar(500),
    tipo_egreso varchar(10) COMMENT '{"label":"Tipo de Egreso","input":"select","options":["Gastos","Costos"]}',
    fecha_egreso date,
    monto decimal(10),
    estado varchar(15) DEFAULT 'ENABLED' NOT NULL,
    change_count int(11) DEFAULT '0' NOT NULL,
    id_user_modified int(11) unsigned NOT NULL,
    id_user_created int(11) unsigned NOT NULL,
    date_modified datetime NOT NULL,
    date_created datetime NOT NULL,
    CONSTRAINT hbf_egresos_ibfk_6 FOREIGN KEY (id_club) REFERENCES herbalife_dev.hbf_clubs (id_club),
    CONSTRAINT hbf_egresos_ibfk_4 FOREIGN KEY (id_turno) REFERENCES herbalife_dev.hbf_turnos (id_turno),
    CONSTRAINT hbf_egresos_ibfk_5 FOREIGN KEY (id_sesion) REFERENCES herbalife_dev.hbf_sesiones (id_sesion),
    CONSTRAINT hbf_egresos_ibfk_3 FOREIGN KEY (id_cliente) REFERENCES herbalife_dev.ci_usuarios (id_usuario),
    CONSTRAINT hbf_egresos_ibfk_2 FOREIGN KEY (id_user_modified) REFERENCES herbalife_dev.ci_usuarios (id_usuario),
    CONSTRAINT hbf_egresos_ibfk_1 FOREIGN KEY (id_user_created) REFERENCES herbalife_dev.ci_usuarios (id_usuario)
);
CREATE UNIQUE INDEX hbf_egresos_id_egreso_uindex ON herbalife_dev.hbf_egresos (id_egreso);
CREATE INDEX hbf_egresos_ibfk_6 ON herbalife_dev.hbf_egresos (id_club);
CREATE INDEX hbf_egresos_ibfk_4 ON herbalife_dev.hbf_egresos (id_turno);
CREATE INDEX hbf_egresos_ibfk_5 ON herbalife_dev.hbf_egresos (id_sesion);
CREATE INDEX hbf_egresos_ibfk_3 ON herbalife_dev.hbf_egresos (id_cliente);
CREATE INDEX hbf_egresos_ibfk_2 ON herbalife_dev.hbf_egresos (id_user_modified);
CREATE INDEX hbf_egresos_ibfk_1 ON herbalife_dev.hbf_egresos (id_user_created);
INSERT INTO herbalife_dev.hbf_egresos (id_egreso, id_club, id_turno, id_sesion, id_cliente, detalle, tipo_egreso, fecha_egreso, monto, estado, change_count, id_user_modified, id_user_created, date_modified, date_created) VALUES (1, 1, 3, 1, 20, 'cremoso', '0', null, 4, 'ENABLED', 0, 1, 1, '2018-09-18 13:16:41', '2018-09-18 13:16:41');
CREATE TABLE herbalife_dev.hbf_ingresos
(
    id_ingreso int(11) unsigned PRIMARY KEY NOT NULL AUTO_INCREMENT,
    id_cliente int(11) unsigned COMMENT '{"label":"Nombre del Cliente","input":"default","selectBy":["nombre","apellido"]}',
    id_comanda int(11) unsigned COMMENT '{"label":"Comanda","input":"dropdown","selectBy":["id_cliente"]}',
    id_prepago int(10) unsigned COMMENT '{"label":"Prepago","input":"dropdown","selectBy":["id_cliente"]}',
    id_producto int(11) unsigned COMMENT '{"label":"Producto","input":"dropdown","selectBy":["nombre","descripcion"]}',
    estado varchar(15) DEFAULT 'ENABLED',
    change_count int(11) DEFAULT '0' NOT NULL,
    id_user_modified int(10) unsigned NOT NULL,
    id_user_created int(10) unsigned NOT NULL,
    date_modified datetime NOT NULL,
    date_created datetime NOT NULL,
    CONSTRAINT hbf_ingresos_ibfk_3 FOREIGN KEY (id_cliente) REFERENCES herbalife_dev.ci_usuarios (id_usuario),
    CONSTRAINT hbf_ingresos_ibfk_5 FOREIGN KEY (id_comanda) REFERENCES herbalife_dev.hbf_comandas (id_comanda),
    CONSTRAINT hbf_ingresos_ibfk_6 FOREIGN KEY (id_prepago) REFERENCES herbalife_dev.hbf_prepagos (id_prepago),
    CONSTRAINT hbf_ingresos_ibfk_4 FOREIGN KEY (id_producto) REFERENCES herbalife_dev.hbf_productos (id_producto),
    CONSTRAINT hbf_ingresos_ibfk_2 FOREIGN KEY (id_user_modified) REFERENCES herbalife_dev.ci_usuarios (id_usuario),
    CONSTRAINT hbf_ingresos_ibfk_1 FOREIGN KEY (id_user_created) REFERENCES herbalife_dev.ci_usuarios (id_usuario)
);
CREATE INDEX hbf_ingresos_ibfk_3 ON herbalife_dev.hbf_ingresos (id_cliente);
CREATE INDEX hbf_ingresos_ibfk_5 ON herbalife_dev.hbf_ingresos (id_comanda);
CREATE INDEX hbf_ingresos_ibfk_6 ON herbalife_dev.hbf_ingresos (id_prepago);
CREATE INDEX hbf_ingresos_ibfk_4 ON herbalife_dev.hbf_ingresos (id_producto);
CREATE INDEX hbf_ingresos_ibfk_1 ON herbalife_dev.hbf_ingresos (id_user_modified);
CREATE INDEX hbf_ingresos_ibfk_2 ON herbalife_dev.hbf_ingresos (id_user_created);
CREATE TABLE herbalife_dev.hbf_porciones
(
    id_porcion int(10) unsigned PRIMARY KEY NOT NULL AUTO_INCREMENT,
    id_producto int(10) unsigned COMMENT '{"label":"Productos","input":"checkbox","selectBy":["nombre","foto_producto"],"divider":"|","insertEachOne":true}',
    cantidad int(11),
    estado varchar(15) DEFAULT 'ENABLED' NOT NULL,
    change_count int(11) DEFAULT '0' NOT NULL,
    id_user_modified int(11) unsigned NOT NULL,
    id_user_created int(11) unsigned NOT NULL,
    date_modified datetime NOT NULL,
    date_created datetime NOT NULL,
    CONSTRAINT hbf_porciones_ibfk_3 FOREIGN KEY (id_producto) REFERENCES herbalife_dev.hbf_productos (id_producto),
    CONSTRAINT hbf_porciones_ibfk_2 FOREIGN KEY (id_user_modified) REFERENCES herbalife_dev.ci_usuarios (id_usuario),
    CONSTRAINT hbf_porciones_ibfk_1 FOREIGN KEY (id_user_created) REFERENCES herbalife_dev.ci_usuarios (id_usuario)
);
CREATE INDEX hbf_porsiones_ibfk_3 ON herbalife_dev.hbf_porciones (id_producto);
CREATE INDEX hbf_porsiones_ibfk_2 ON herbalife_dev.hbf_porciones (id_user_modified);
CREATE INDEX hbf_porsiones_ibfk_1 ON herbalife_dev.hbf_porciones (id_user_created);
CREATE TABLE herbalife_dev.hbf_prepagos
(
    id_prepago int(11) unsigned PRIMARY KEY NOT NULL AUTO_INCREMENT,
    id_cliente int(10) unsigned COMMENT '{"label":"Cliente","input":"dropdown","selectBy":["nombre","apellido"]}',
    id_turno int(10) unsigned COMMENT '{"label":"Turno de","input":"select","selectBy":["id_asociado"]}',
    id_sesion int(10) unsigned NOT NULL COMMENT '{"label":"Sesion de","input":"select","selectBy":["id_asociado"]}',
    fichas_total int(11),
    fichas_usadas int(11),
    fichas_gratis int(11),
    fichas_restantes int(11),
    id_option_tipo_prepago int(10) unsigned COMMENT '{"label":"Tipo de Prepago","input":"select","selectBy":["id_setting"],"filterBy":{"id_setting":5,"0":"nombre"}}',
    a_cuenta decimal(10),
    saldo decimal(10),
    importe decimal(10),
    pagado varchar(50) DEFAULT 'NO' COMMENT '{"options":["SI","NO"],"input":"radios"}',
    finalizado varchar(50) DEFAULT 'NO' COMMENT '{"options":["SI","NO"],"input":"radios"}',
    observaciones int(11),
    estado varchar(15) DEFAULT 'ENABLED' NOT NULL,
    change_count int(11) DEFAULT '0' NOT NULL,
    id_user_created int(11) unsigned NOT NULL,
    id_user_modified int(11) unsigned NOT NULL,
    date_modified datetime,
    date_created datetime NOT NULL,
    CONSTRAINT hbf_prepagos_ibfk_1 FOREIGN KEY (id_cliente) REFERENCES herbalife_dev.ci_usuarios (id_usuario),
    CONSTRAINT hbf_prepagos_ibfk_6 FOREIGN KEY (id_turno) REFERENCES herbalife_dev.hbf_turnos (id_turno),
    CONSTRAINT hbf_prepagos_ibfk_4 FOREIGN KEY (id_sesion) REFERENCES herbalife_dev.hbf_sesiones (id_sesion),
    CONSTRAINT hbf_prepagos_ibfk_5 FOREIGN KEY (id_option_tipo_prepago) REFERENCES herbalife_dev.ci_options (id_option),
    CONSTRAINT hbf_prepagos_ibfk_2 FOREIGN KEY (id_user_created) REFERENCES herbalife_dev.ci_usuarios (id_usuario),
    CONSTRAINT hbf_prepagos_ibfk_3 FOREIGN KEY (id_user_modified) REFERENCES herbalife_dev.ci_usuarios (id_usuario)
);
CREATE INDEX hbf_prepago_ibfk_1 ON herbalife_dev.hbf_prepagos (id_cliente);
CREATE INDEX hbf_prepago_ibfk_6 ON herbalife_dev.hbf_prepagos (id_turno);
CREATE INDEX hbf_prepagos_ibfk_4 ON herbalife_dev.hbf_prepagos (id_sesion);
CREATE INDEX hbf_prepago_ibfk_5 ON herbalife_dev.hbf_prepagos (id_option_tipo_prepago);
CREATE INDEX hbf_prepago_ibfk_3 ON herbalife_dev.hbf_prepagos (id_user_created);
CREATE INDEX hbf_prepago_ibfk_2 ON herbalife_dev.hbf_prepagos (id_user_modified);
CREATE TABLE herbalife_dev.hbf_productos
(
    id_producto int(10) unsigned PRIMARY KEY NOT NULL AUTO_INCREMENT,
    nombre varchar(100) NOT NULL,
    descripcion text NOT NULL COMMENT '{"validate":0}',
    id_option_tipo_producto int(10) unsigned NOT NULL COMMENT '{"label":"Tipos de Productos","input":"dropdown","selectBy":["id_setting"],"filterBy":{"id_setting":6,"0":"nombre"}}',
    id_option_categoria_producto int(10) unsigned NOT NULL COMMENT '{"label":"Categorias de Productos","input":"dropdown","selectBy":["id_setting"],"filterBy":{"id_setting":7,"0":"nombre"}}',
    foto_producto varchar(500) COMMENT '{"label":"Imagen del producto","input":"image", "validate":0}',
    precio_venta decimal(10) COMMENT '{"label":"Precio de ventra"}',
    precio_porcion decimal(10) COMMENT '{"label":"Precio de una porcion"}',
    precio_compra decimal(10) COMMENT '{"label":"Precio de Compra"}',
    num_porciones int(11) DEFAULT '0' COMMENT '{"label":"Numero de Porciones"}',
    estado varchar(15) DEFAULT 'ENABLED' NOT NULL,
    change_count int(11) DEFAULT '0' NOT NULL,
    id_user_modified int(11) unsigned NOT NULL,
    id_user_created int(11) unsigned NOT NULL,
    date_modified datetime,
    date_created datetime,
    CONSTRAINT hbf_productos_ibfk_4 FOREIGN KEY (id_option_tipo_producto) REFERENCES herbalife_dev.ci_options (id_option),
    CONSTRAINT hbf_productos_ibfk_3 FOREIGN KEY (id_option_categoria_producto) REFERENCES herbalife_dev.ci_options (id_option),
    CONSTRAINT hbf_productos_ibfk_2 FOREIGN KEY (id_user_modified) REFERENCES herbalife_dev.ci_usuarios (id_usuario),
    CONSTRAINT hbf_productos_ibfk_1 FOREIGN KEY (id_user_created) REFERENCES herbalife_dev.ci_usuarios (id_usuario)
);
CREATE INDEX hbf_productos_ibfk_4 ON herbalife_dev.hbf_productos (id_option_tipo_producto);
CREATE INDEX hbf_productos_ibfk_3 ON herbalife_dev.hbf_productos (id_option_categoria_producto);
CREATE INDEX hbf_productos_ibfk_1 ON herbalife_dev.hbf_productos (id_user_modified);
CREATE INDEX hbf_productos_ibfk_2 ON herbalife_dev.hbf_productos (id_user_created);
INSERT INTO herbalife_dev.hbf_productos (id_producto, nombre, descripcion, id_option_tipo_producto, id_option_categoria_producto, foto_producto, precio_venta, precio_porcion, precio_compra, num_porciones, estado, change_count, id_user_modified, id_user_created, date_modified, date_created) VALUES (9, 'Batido de Chocolate', '<p><p><p><p>Batido sabor Chocolate</p></p></p></p>', 14, 13, 'Batido_Herbalife_Fórmula_1_Chocolate_bote_550g.PNG', 200, 4, 180, 120, 'ENABLED', 0, 1, 1, '2018-06-21 23:59:55', '2018-06-21 22:31:18');
INSERT INTO herbalife_dev.hbf_productos (id_producto, nombre, descripcion, id_option_tipo_producto, id_option_categoria_producto, foto_producto, precio_venta, precio_porcion, precio_compra, num_porciones, estado, change_count, id_user_modified, id_user_created, date_modified, date_created) VALUES (10, 'Batido de Fresa', '<p>Batido sabor fresa</p>', 14, 11, 'Batido_Herbalife_Fórmula_1_Fresa_bote_550g.PNG', 200, 4, 180, 120, 'ENABLED', 0, 1, 1, '2018-06-21 22:33:09', '2018-06-21 22:33:09');
INSERT INTO herbalife_dev.hbf_productos (id_producto, nombre, descripcion, id_option_tipo_producto, id_option_categoria_producto, foto_producto, precio_venta, precio_porcion, precio_compra, num_porciones, estado, change_count, id_user_modified, id_user_created, date_modified, date_created) VALUES (11, 'Batido de Vainilla', '<p>Batido sabor vainilla</p>', 14, 11, 'Batido_Herbalife_Fórmula_1_Sin_Vainilla_bote_550_gr.PNG', 200, 4, 180, 120, 'ENABLED', 0, 1, 1, '2018-06-21 22:34:13', '2018-06-21 22:34:13');
INSERT INTO herbalife_dev.hbf_productos (id_producto, nombre, descripcion, id_option_tipo_producto, id_option_categoria_producto, foto_producto, precio_venta, precio_porcion, precio_compra, num_porciones, estado, change_count, id_user_modified, id_user_created, date_modified, date_created) VALUES (12, 'Te Frambuesa', '<p>Te NRG sabor Frambuesa</p>', 15, 11, 'te_frambuesa.jpg', 150, 1, 130, 120, 'ENABLED', 0, 1, 1, '2018-06-21 22:35:21', '2018-06-21 22:35:21');
INSERT INTO herbalife_dev.hbf_productos (id_producto, nombre, descripcion, id_option_tipo_producto, id_option_categoria_producto, foto_producto, precio_venta, precio_porcion, precio_compra, num_porciones, estado, change_count, id_user_modified, id_user_created, date_modified, date_created) VALUES (13, 'Te Durazno', '<p>Te NRG sabor Durazno</p>', 15, 11, 'te-durazno-50-gr.PNG', 150, 1, 130, 120, 'ENABLED', 0, 1, 1, '2018-06-21 22:36:30', '2018-06-21 22:36:30');
INSERT INTO herbalife_dev.hbf_productos (id_producto, nombre, descripcion, id_option_tipo_producto, id_option_categoria_producto, foto_producto, precio_venta, precio_porcion, precio_compra, num_porciones, estado, change_count, id_user_modified, id_user_created, date_modified, date_created) VALUES (14, 'Aloe Mandarina', '<p><p>Aloe sabor Mandarina</p></p>', 16, 11, '', 130, 1, 110, 30, 'ENABLED', 0, 1, 1, '2018-10-12 19:45:35', '2018-06-21 22:37:49');
INSERT INTO herbalife_dev.hbf_productos (id_producto, nombre, descripcion, id_option_tipo_producto, id_option_categoria_producto, foto_producto, precio_venta, precio_porcion, precio_compra, num_porciones, estado, change_count, id_user_modified, id_user_created, date_modified, date_created) VALUES (15, 'Aloe Mango', '<p>Aloe sabor Mango</p>', 16, 11, 'aloe_mango.jpg', 130, 1, 100, 120, 'ENABLED', 0, 1, 1, '2018-06-21 22:38:28', '2018-06-21 22:38:28');
CREATE TABLE herbalife_dev.hbf_sesiones
(
    id_sesion int(11) unsigned PRIMARY KEY NOT NULL AUTO_INCREMENT,
    id_club int(11) unsigned NOT NULL COMMENT '{"label":"Nombre del club","input":"select","selectBy":"nombre"}',
    id_turno int(11) unsigned NOT NULL COMMENT '{"label":"Turno de","input":"default","selectBy":"id_asociado"}',
    id_asociado int(11) unsigned NOT NULL COMMENT '{"label":"Sesion a cargo de","input":"default","selectBy":["nombre","apellido"]}',
    detalle varchar(400) DEFAULT '',
    caja_inicial decimal(10) COMMENT '{"label":"Monto inicial en caja"}',
    caja_final decimal(10) COMMENT '{"label":"Monto final en caja"}',
    total decimal(10) COMMENT '{"label":"Monto total en caja"}',
    num_consumos decimal(10) COMMENT '{"label":"Cantidad de consumos del dia"}',
    total_ingresos decimal(10) COMMENT '{"label":"Total ingresos"}',
    total_egresos decimal(10) COMMENT '{"label":"Total egresos"}',
    total_deben decimal(10) COMMENT '{"label":"Total deudas de clientes"}',
    total_sobra decimal(10) COMMENT '{"label":"Total dinero sobrante"}',
    total_falta decimal(10) COMMENT '{"label":"Total dinero faltante"}',
    sobre_rojo decimal(10) COMMENT '{"label":"Dinero al sobre rojo"}',
    sobre_verde decimal(10) COMMENT '{"label":"Dinero al sobre verde"}',
    deposito decimal(10) COMMENT '{"label":"Dinero depositado"}',
    cerrado varchar(10) COMMENT '{"label":"Estado de la sesion","input":"radios","options":["cerrado","abierto"]}',
    observaciones varchar(400) DEFAULT '',
    fec_sesion datetime,
    id_opcion_sesion int(10) unsigned COMMENT '{"label":"Sesion con","input":"select","selectBy":["id_setting"],"filterBy":{"id_setting":9,"0":"nombre"}}',
    estado varchar(15) DEFAULT 'ENABLED' NOT NULL,
    change_count int(11) DEFAULT '0' NOT NULL,
    id_user_modified int(11) unsigned NOT NULL,
    id_user_created int(11) unsigned NOT NULL,
    date_modified datetime NOT NULL,
    date_created datetime NOT NULL,
    CONSTRAINT hbf_sesiones_ibfk_3 FOREIGN KEY (id_club) REFERENCES herbalife_dev.hbf_clubs (id_club),
    CONSTRAINT hbf_sesiones_ibfk_5 FOREIGN KEY (id_turno) REFERENCES herbalife_dev.hbf_turnos (id_turno),
    CONSTRAINT hbf_sesiones_ibfk_4 FOREIGN KEY (id_asociado) REFERENCES herbalife_dev.ci_usuarios (id_usuario),
    CONSTRAINT hbf_sesiones_ibfk_6 FOREIGN KEY (id_opcion_sesion) REFERENCES herbalife_dev.ci_options (id_option),
    CONSTRAINT hbf_sesiones_ibfk_2 FOREIGN KEY (id_user_modified) REFERENCES herbalife_dev.ci_usuarios (id_usuario),
    CONSTRAINT hbf_sesiones_ibfk_1 FOREIGN KEY (id_user_created) REFERENCES herbalife_dev.ci_usuarios (id_usuario)
);
CREATE INDEX id_club ON herbalife_dev.hbf_sesiones (id_club);
CREATE INDEX id_turno ON herbalife_dev.hbf_sesiones (id_turno);
CREATE INDEX id_encargado ON herbalife_dev.hbf_sesiones (id_asociado);
CREATE INDEX hbf_sesiones_ibfk_6 ON herbalife_dev.hbf_sesiones (id_opcion_sesion);
CREATE INDEX id_user_modified ON herbalife_dev.hbf_sesiones (id_user_modified);
CREATE INDEX id_user_created ON herbalife_dev.hbf_sesiones (id_user_created);
INSERT INTO herbalife_dev.hbf_sesiones (id_sesion, id_club, id_turno, id_asociado, detalle, caja_inicial, caja_final, total, num_consumos, total_ingresos, total_egresos, total_deben, total_sobra, total_falta, sobre_rojo, sobre_verde, deposito, cerrado, observaciones, fec_sesion, id_opcion_sesion, estado, change_count, id_user_modified, id_user_created, date_modified, date_created) VALUES (1, 1, 3, 1, '', 10, null, null, null, null, null, null, null, null, null, null, null, null, '', '2018-06-08 00:00:00', 18, 'ENABLED', 0, 1, 1, '2018-06-21 23:41:41', '2018-06-21 23:41:41');
INSERT INTO herbalife_dev.hbf_sesiones (id_sesion, id_club, id_turno, id_asociado, detalle, caja_inicial, caja_final, total, num_consumos, total_ingresos, total_egresos, total_deben, total_sobra, total_falta, sobre_rojo, sobre_verde, deposito, cerrado, observaciones, fec_sesion, id_opcion_sesion, estado, change_count, id_user_modified, id_user_created, date_modified, date_created) VALUES (2, 2, 3, 18, 'cremoso', 6, 11, 4, 4, 3, 5, 3, 6, 3, 2, 4, 6, '1', 'bla', null, 18, 'ENABLED', 0, 1, 1, '2018-10-12 19:54:20', '2018-10-12 19:54:20');
CREATE TABLE herbalife_dev.hbf_turnos
(
    id_turno int(10) unsigned PRIMARY KEY NOT NULL AUTO_INCREMENT,
    id_club int(10) unsigned NOT NULL COMMENT '{"label":"Nombre del Club","input":"dropdown","selectBy":"nombre"}',
    id_asociado int(10) unsigned NOT NULL COMMENT '{"label":"Asociado a cargo","input":"dropdown","selectBy":["nombre","apellido"]}',
    descripcion text COMMENT '{"validate":0}',
    fec_inicio date NOT NULL COMMENT '{"label":"Fecha de Inicio","validate":0}',
    fec_fin date COMMENT '{"label":"Fecha de Cierre","validate":0}',
    horario_desde time NOT NULL COMMENT '{"label":"hora de inicio","validate":0}',
    horario_hasta time NOT NULL COMMENT '{"label":"Hora de Cierre","validate":0}',
    total_consumos int(11) DEFAULT '0' NOT NULL COMMENT '{"label":"Total de consumos","validate":0}',
    id_opcion_turnos int(10) unsigned COMMENT '{"label":"Turno con","input":"select","selectBy":["id_setting"],"filterBy":{"id_setting":10,"0":"nombre"}}',
    change_count int(11) DEFAULT '0' NOT NULL,
    estado varchar(15) DEFAULT 'ENABLED' NOT NULL,
    id_user_modified int(11) unsigned NOT NULL,
    id_user_created int(11) unsigned NOT NULL,
    date_modified datetime NOT NULL,
    date_created datetime NOT NULL,
    CONSTRAINT hbf_turnos_ibfk_4 FOREIGN KEY (id_club) REFERENCES herbalife_dev.hbf_clubs (id_club),
    CONSTRAINT hbf_turnos_ibfk_3 FOREIGN KEY (id_asociado) REFERENCES herbalife_dev.ci_usuarios (id_usuario),
    CONSTRAINT hbf_turnos_ibfk_5 FOREIGN KEY (id_opcion_turnos) REFERENCES herbalife_dev.ci_options (id_option),
    CONSTRAINT hbf_turnos_ibfk_2 FOREIGN KEY (id_user_modified) REFERENCES herbalife_dev.ci_usuarios (id_usuario),
    CONSTRAINT hbf_turnos_ibfk_1 FOREIGN KEY (id_user_created) REFERENCES herbalife_dev.ci_usuarios (id_usuario)
);
CREATE INDEX id_club ON herbalife_dev.hbf_turnos (id_club);
CREATE INDEX id_asociado ON herbalife_dev.hbf_turnos (id_asociado);
CREATE INDEX hbf_turnos_ibfk_5 ON herbalife_dev.hbf_turnos (id_opcion_turnos);
CREATE INDEX id_user_modified ON herbalife_dev.hbf_turnos (id_user_modified);
CREATE INDEX id_user_created ON herbalife_dev.hbf_turnos (id_user_created);
INSERT INTO herbalife_dev.hbf_turnos (id_turno, id_club, id_asociado, descripcion, fec_inicio, fec_fin, horario_desde, horario_hasta, total_consumos, id_opcion_turnos, change_count, estado, id_user_modified, id_user_created, date_modified, date_created) VALUES (3, 1, 1, '<p>Turno de la noche</p>', '2018-06-15', '2018-06-30', '08:00:00', '22:00:00', 0, null, 0, 'ENABLED', 1, 1, '2018-06-15 20:02:02', '2018-06-15 20:02:02');
CREATE TABLE herbalife_dev.hbf_vasos
(
    id_vaso int(10) unsigned PRIMARY KEY NOT NULL AUTO_INCREMENT,
    id_comanda int(10) unsigned COMMENT '{"label":"Comanda del Cliente","input":"select","selectBy":["id_cliente"]}',
    nivel int(11) COMMENT '{"label":"Nivel del vaso (0% - 100%)"}',
    temperatura varchar(250) COMMENT '{"label":"Temperatura","options":["Frio","Tibio","Caliente"],"input":"radios"}',
    consistencia varchar(250) COMMENT '{"label":"Consistencia","options":["Cremoso","Al jugo"],"input":"radios"}',
    id_opcion_tipo_producto int(10) unsigned COMMENT '{"label":"Tipos de Productos","input":"radios","selectBy":["id_setting"],"filterBy":{"id_setting":6,"0":"nombre"},
"subTable":"hbf_detalles_pedidos","action":"edit","onclick":"oModal.open(this)"}',
    num_productos int(11) DEFAULT '0' COMMENT '{"label":"Numero de Productos","validate":0,"data":{"step":1}}',
    detalle varchar(500) COMMENT '{"validate":0}',
    estado varchar(15) DEFAULT 'ENABLED' NOT NULL,
    change_count int(11) DEFAULT '0' NOT NULL,
    id_user_modified int(11) unsigned NOT NULL,
    id_user_created int(11) unsigned NOT NULL,
    date_modified datetime NOT NULL,
    date_created datetime NOT NULL,
    CONSTRAINT hbf_vasos_ibfk_3 FOREIGN KEY (id_comanda) REFERENCES herbalife_dev.hbf_comandas (id_comanda),
    CONSTRAINT hbf_vasos_ibfk_4 FOREIGN KEY (id_opcion_tipo_producto) REFERENCES herbalife_dev.ci_options (id_option),
    CONSTRAINT hbf_vasos_ibfk_1 FOREIGN KEY (id_user_modified) REFERENCES herbalife_dev.ci_usuarios (id_usuario) ON DELETE CASCADE ON UPDATE CASCADE,
    CONSTRAINT hbf_vasos_ibfk_2 FOREIGN KEY (id_user_created) REFERENCES herbalife_dev.ci_usuarios (id_usuario) ON DELETE CASCADE ON UPDATE CASCADE
);
CREATE INDEX hbf_vasos_ibfk_3 ON herbalife_dev.hbf_vasos (id_comanda);
CREATE INDEX hbf_vasos_ibfk_4 ON herbalife_dev.hbf_vasos (id_opcion_tipo_producto);
CREATE INDEX hbf_vasos_ibfk_1 ON herbalife_dev.hbf_vasos (id_user_modified);
CREATE INDEX hbf_vasos_ibfk_2 ON herbalife_dev.hbf_vasos (id_user_created);
INSERT INTO herbalife_dev.hbf_vasos (id_vaso, id_comanda, nivel, temperatura, consistencia, id_opcion_tipo_producto, num_productos, detalle, estado, change_count, id_user_modified, id_user_created, date_modified, date_created) VALUES (1, 1, 75, '0', '0', 14, 3, 'cremoso', 'ENABLED', 0, 1, 1, '2019-03-19 18:28:29', '2019-03-19 18:28:29');
CREATE TABLE herbalife_dev.hbf_ventas
(
    id_venta int(10) unsigned PRIMARY KEY NOT NULL AUTO_INCREMENT,
    id_club int(10) unsigned COMMENT '{"label":"Club","input":"select","selectBy":["nombre"]}',
    id_turno int(10) unsigned COMMENT '{"label":"Turno de","input":"select","selectBy":["id_asociado"]}',
    id_sesion int(10) unsigned COMMENT '{"label":"Sesion de","input":"select","selectBy":["id_asociado"]}',
    id_cliente int(10) unsigned COMMENT '{"label":"Cliente","input":"select","selectBy":["nombre","apellido"]}',
    fecha_venta date,
    id_producto int(10) unsigned COMMENT '{"label":"Producto","input":"multiselect","selectBy":["nombre","foto_producto"]}',
    precio decimal(10),
    observaciones varchar(600),
    a_cuenta decimal(10),
    saldo decimal(10),
    entregado varchar(10) COMMENT '{"label":"Fue Entregado?","input":"radios","options":["si","no"]}',
    pagado varchar(10) COMMENT '{"label":"Fue Pagado?","input":"radios","options":["si","no"]}',
    estado varchar(15) DEFAULT 'ENABLED' NOT NULL,
    change_count int(11) DEFAULT '0' NOT NULL,
    id_user_modified int(11) unsigned NOT NULL,
    id_user_created int(11) unsigned NOT NULL,
    date_modified int(11) NOT NULL,
    date_created int(11) NOT NULL,
    CONSTRAINT hbf_ventas_ibfk_4 FOREIGN KEY (id_club) REFERENCES herbalife_dev.hbf_clubs (id_club),
    CONSTRAINT hbf_ventas_ibfk_5 FOREIGN KEY (id_turno) REFERENCES herbalife_dev.hbf_turnos (id_turno),
    CONSTRAINT hbf_ventas_ibfk_6 FOREIGN KEY (id_sesion) REFERENCES herbalife_dev.hbf_sesiones (id_sesion),
    CONSTRAINT hbf_ventas_ibfk_3 FOREIGN KEY (id_cliente) REFERENCES herbalife_dev.ci_usuarios (id_usuario),
    CONSTRAINT hbf_ventas_ibfk_7 FOREIGN KEY (id_producto) REFERENCES herbalife_dev.hbf_productos (id_producto),
    CONSTRAINT hbf_ventas_ibfk_2 FOREIGN KEY (id_user_modified) REFERENCES herbalife_dev.ci_usuarios (id_usuario),
    CONSTRAINT hbf_ventas_ibfk_1 FOREIGN KEY (id_user_created) REFERENCES herbalife_dev.ci_usuarios (id_usuario)
);
CREATE UNIQUE INDEX hbf_ventas_id_venta_uindex ON herbalife_dev.hbf_ventas (id_venta);
CREATE INDEX hbf_ventas_ibfk_4 ON herbalife_dev.hbf_ventas (id_club);
CREATE INDEX hbf_ventas_ibfk_5 ON herbalife_dev.hbf_ventas (id_turno);
CREATE INDEX hbf_ventas_ibfk_6 ON herbalife_dev.hbf_ventas (id_sesion);
CREATE INDEX hbf_ventas_ibfk_3 ON herbalife_dev.hbf_ventas (id_cliente);
CREATE INDEX hbf_ventas_ibfk_7 ON herbalife_dev.hbf_ventas (id_producto);
CREATE INDEX hbf_ventas_ibfk_2 ON herbalife_dev.hbf_ventas (id_user_modified);
CREATE INDEX hbf_ventas_ibfk_1 ON herbalife_dev.hbf_ventas (id_user_created);
CREATE TABLE herbalife_dev.migrations
(
    version bigint(20) NOT NULL
);
INSERT INTO herbalife_dev.migrations (version) VALUES (0);