-- phpMyAdmin SQL Dump
-- version 4.6.5.2
-- https://www.phpmyadmin.net/
--
-- Servidor: 127.0.0.1
-- Tiempo de generación: 16-08-2019 a las 03:28:22
-- Versión del servidor: 10.1.21-MariaDB
-- Versión de PHP: 7.1.1

SET SQL_MODE = "NO_AUTO_VALUE_ON_ZERO";
SET time_zone = "+00:00";


/*!40101 SET @OLD_CHARACTER_SET_CLIENT=@@CHARACTER_SET_CLIENT */;
/*!40101 SET @OLD_CHARACTER_SET_RESULTS=@@CHARACTER_SET_RESULTS */;
/*!40101 SET @OLD_COLLATION_CONNECTION=@@COLLATION_CONNECTION */;
/*!40101 SET NAMES utf8mb4 */;

--
-- Base de datos: `herbalife_dev`
--

-- --------------------------------------------------------

--
-- Estructura de tabla para la tabla `ci_modulos`
--

CREATE TABLE `ci_modulos` (
  `id_modulo` int(11) UNSIGNED NOT NULL,
  `id_opcion_modulo` int(10) UNSIGNED DEFAULT NULL COMMENT '{"label":"Modulo","input":"select","selectBy":["id_setting"],"filterBy":{"id_setting":1,"0":"nombre"}}',
  `id_opcion_roles` int(10) UNSIGNED DEFAULT NULL COMMENT '{"label":"Role Admitido","input":"select","selectBy":["id_setting"],"filterBy":{"id_setting":4,"0":"nombre"}}',
  `titulo` varchar(100) NOT NULL,
  `tabla` varchar(255) DEFAULT NULL,
  `listed` varchar(15) NOT NULL DEFAULT 'ENABLED' COMMENT '{"input":"radio","options":["ENABLED","DISABLED"]}',
  `descripcion` text COMMENT '{"validate":0}',
  `icon` varchar(200) NOT NULL COMMENT '{"validate":0}',
  `url` varchar(600) NOT NULL,
  `estado` varchar(255) DEFAULT 'ENABLED',
  `change_count` int(11) NOT NULL DEFAULT '0',
  `id_user_modified` int(11) UNSIGNED NOT NULL,
  `id_user_created` int(11) UNSIGNED NOT NULL,
  `date_modified` datetime NOT NULL,
  `date_created` datetime NOT NULL
) ENGINE=InnoDB DEFAULT CHARSET=utf8;

--
-- Volcado de datos para la tabla `ci_modulos`
--

INSERT INTO `ci_modulos` (`id_modulo`, `id_opcion_modulo`, `id_opcion_roles`, `titulo`, `tabla`, `listed`, `descripcion`, `icon`, `url`, `estado`, `change_count`, `id_user_modified`, `id_user_created`, `date_modified`, `date_created`) VALUES
(0, NULL, NULL, '', '', '', '', '', 'base/usuarios', '', 0, 1, 1, '2018-07-20 02:21:53', '2018-06-16 01:56:26'),
(11, 5, 1, 'Modulos', 'ci_modulos', '0', '', '', 'base/modulos', '', 0, 1, 1, '2018-07-20 02:23:12', '2018-06-16 01:56:00'),
(12, 5, 1, 'Opciones del Sistema', 'ci_options', '0', '', '', 'base/options', '', 0, 1, 1, '2018-07-20 02:23:00', '2018-06-16 01:56:06'),
(13, 5, 1, 'Sesiones del Sistema', 'ci_sessions', '0', '', '', 'base/sessions', '', 0, 1, 1, '2018-07-20 02:22:47', '2018-06-18 02:35:51'),
(14, 5, 1, 'Configuraciones del Sistema', 'ci_settings', '0', '', '', 'base/settings', '', 0, 1, 1, '2018-07-20 02:22:27', '2018-06-16 01:56:16'),
(31, 4, 1, 'Clubs', 'hbf_clubs', '0', '', '', 'admin/clubs', '', 0, 1, 1, '2018-07-20 02:21:41', '2018-06-16 10:40:27'),
(32, 3, 7, 'Comandas', 'hbf_comandas', '0', '', '', 'admin/comandas', '', 0, 1, 1, '2018-07-20 02:20:52', '2018-06-16 10:40:29'),
(33, 21, 7, 'Detalles de Pedidos', 'hbf_detalles_pedidos', '0', '', '', 'admin/detalles_pedidos', '', 0, 1, 1, '2018-07-20 02:20:42', '2018-06-16 10:40:51'),
(34, 2, 6, 'Egresos', 'hbf_egresos', '0', '', '', 'admin/egresos', '', 0, 1, 1, '2018-07-20 02:19:49', '2018-06-16 10:41:09'),
(35, 2, 6, 'Ingresos', 'hbf_ingresos', '0', '', '', 'admin/ingresos', '', 0, 1, 1, '2018-07-20 02:19:37', '2018-06-16 10:41:33'),
(36, 24, NULL, 'Porciones', 'hbf_porciones', '0', '', '', 'admin/porciones', '', 0, 1, 1, '2018-07-20 02:20:26', '2018-06-16 10:41:58'),
(37, 22, 6, 'Prepagos', 'hbf_prepagos', '0', '', '', 'admin/prepagos', '', 0, 1, 1, '2018-07-20 02:19:18', '2018-06-16 10:42:04'),
(38, 24, 6, 'Productos', 'hbf_productos', '0', '', '', 'admin/productos', '', 0, 1, 1, '2018-07-20 02:20:12', '2018-06-16 10:42:29'),
(39, 4, 7, 'Sesiones', 'hbf_sesiones', '0', '', '', 'admin/sesiones', '', 0, 1, 1, '2018-07-20 02:21:27', '2018-06-16 10:42:41'),
(310, 4, 6, 'Turnos', 'hbf_turnos', '0', '', '', 'admin/turnos', '', 0, 1, 1, '2018-07-20 02:21:02', '2018-06-16 10:42:53'),
(311, 24, 7, 'Vasos', 'hbf_vasos', '0', '', '', 'admin/vasos', '', 0, 1, 1, '2018-07-20 02:20:00', '2018-06-16 10:43:02'),
(312, 3, 6, 'Ventas', 'hbf_ventas', '0', '', '', 'admin/ventas', '', 0, 1, 1, '2018-07-20 02:19:00', '2018-06-16 10:43:17');

-- --------------------------------------------------------

--
-- Estructura de tabla para la tabla `ci_options`
--

CREATE TABLE `ci_options` (
  `id_option` int(10) UNSIGNED NOT NULL,
  `nombre` varchar(250) DEFAULT NULL,
  `descripcion` varchar(250) DEFAULT NULL COMMENT '{"validate":0}',
  `id_setting` int(10) UNSIGNED DEFAULT NULL COMMENT '{"label":"Opcion para","input":"dropdown","selectBy":["nombre"]}',
  `nivel` varchar(200) DEFAULT NULL COMMENT '{"label":"Nivel de usuario","input":"radios","options":["Baja","Media","Alta"]}',
  `precio` decimal(10,0) DEFAULT NULL,
  `num_fichas` int(11) DEFAULT NULL,
  `id_modulo` int(11) DEFAULT NULL,
  `edit_tag` varchar(250) DEFAULT NULL,
  `estado` varchar(15) DEFAULT 'ENABLED',
  `change_count` int(11) DEFAULT '0',
  `id_user_modified` int(10) UNSIGNED NOT NULL,
  `id_user_created` int(10) UNSIGNED NOT NULL,
  `date_modified` datetime NOT NULL,
  `date_created` datetime NOT NULL
) ENGINE=InnoDB DEFAULT CHARSET=latin1 COMMENT='{"title":"Opciones del Sistema",\n"listedFields":["nombre","descripcion","id_setting"],\n"id_setting":{\n"edit-roles":["id_setting","nombre","descripcion","nivel","tipo","edit_tag"],\n"edit-prepagos":["id_setting","nombre","descripcion","precio","num_fichas","tipo"],\n"edit-modulos":["id_setting","id_modulo","nombre","descripcion","tipo"],\n"edit-tipo_asociado":["id_setting","nombre","descripcion","tipo"],\n"edit-nivel_asociado":["id_setting","nombre","descripcion","tipo"],\n"edit-tipo_usuario":["id_setting","nombre","descripcion","tipo","edit_tag"],\n"edit-tipo_producto":["id_setting","nombre","descripcion","tipo"],\n"edit-categoria_producto":["id_setting","nombre","descripcion","tipo"]\n}}';

--
-- Volcado de datos para la tabla `ci_options`
--

INSERT INTO `ci_options` (`id_option`, `nombre`, `descripcion`, `id_setting`, `nivel`, `precio`, `num_fichas`, `id_modulo`, `edit_tag`, `estado`, `change_count`, `id_user_modified`, `id_user_created`, `date_modified`, `date_created`) VALUES
(1, 'Super Admin', 'Super Admin', 4, NULL, NULL, NULL, NULL, NULL, 'ENABLED', 0, 1, 1, '2018-06-15 19:56:11', '2018-06-15 00:11:44'),
(2, 'Administracion', 'Modulo para el control financiero del club', 1, NULL, NULL, NULL, NULL, NULL, 'ENABLED', 0, 1, 1, '2018-06-15 02:07:39', '2018-06-15 02:07:39'),
(3, 'Caja', 'Modulo para la administracion de los pedidos del club', 1, NULL, NULL, NULL, NULL, NULL, 'ENABLED', 0, 1, 1, '2018-06-15 02:08:19', '2018-06-15 02:08:19'),
(4, 'Sucursales', 'Modulo para la administracion de clubs herbalife', 1, NULL, NULL, NULL, NULL, NULL, 'ENABLED', 0, 1, 1, '2018-06-15 02:09:19', '2018-06-15 02:09:19'),
(5, 'Sistema', 'Modulo para las configuraciones del Sistema herbalife', 1, NULL, NULL, NULL, NULL, NULL, 'ENABLED', 0, 1, 1, '2018-06-15 02:09:55', '2018-06-15 02:09:55'),
(6, 'Admin', 'Dueño del club', 4, NULL, NULL, NULL, NULL, NULL, 'ENABLED', 0, 1, 1, '2018-06-15 19:55:49', '2018-06-15 19:55:49'),
(7, 'Estudiante', 'Empleado del club', 4, NULL, NULL, NULL, NULL, NULL, 'ENABLED', 0, 1, 1, '2018-06-15 19:56:38', '2018-06-15 19:56:38'),
(8, 'Usuario Borrador', 'Usuario sin informacion', 5, NULL, NULL, NULL, NULL, 'edit-draft', 'ENABLED', 0, 1, 1, '2018-06-18 20:44:40', '2018-06-18 02:40:16'),
(9, 'Cliente', 'Persona que asiste al club', 5, NULL, NULL, NULL, NULL, 'edit-cliente', 'ENABLED', 0, 1, 1, '2018-06-18 20:42:21', '2018-06-18 20:42:21'),
(10, 'Inicial', 'Usuario con datos basicos', 5, NULL, NULL, NULL, NULL, 'edit-ini', 'ENABLED', 0, 1, 1, '2018-06-19 16:53:32', '2018-06-19 16:53:32'),
(11, 'Interna', 'Categoría Interna', 7, NULL, NULL, NULL, NULL, NULL, 'ENABLED', 0, 1, 1, '2018-06-21 22:10:21', '2018-06-21 22:10:21'),
(12, 'Externa', 'Categoría Externa', 7, NULL, NULL, NULL, NULL, NULL, 'ENABLED', 0, 1, 1, '2018-06-21 22:10:45', '2018-06-21 22:10:45'),
(13, 'Promocion', 'Categoría Promocion', 7, NULL, NULL, NULL, NULL, NULL, 'ENABLED', 0, 1, 1, '2018-06-21 22:10:59', '2018-06-21 22:10:59'),
(14, 'Batido', 'Productos del tipo batido', 6, NULL, NULL, NULL, NULL, NULL, 'ENABLED', 0, 1, 1, '2018-06-21 22:12:06', '2018-06-21 22:12:06'),
(15, 'Te', 'Productos del tipo te', 6, NULL, NULL, NULL, NULL, NULL, 'ENABLED', 0, 1, 1, '2018-06-21 22:12:30', '2018-06-21 22:12:30'),
(16, 'Aloe', 'Productos del tipo aloe', 6, NULL, NULL, NULL, NULL, NULL, 'ENABLED', 0, 1, 1, '2018-06-21 22:16:07', '2018-06-21 22:12:46'),
(17, 'Datos Basicos', 'Turno con datos basicos', 10, '1', NULL, NULL, NULL, 'edit-ini', 'ENABLED', 0, 1, 1, '2018-06-21 23:39:01', '2018-06-21 23:39:01'),
(18, 'Datos Basicos', 'Sesion con datos basicos', 9, '0', NULL, NULL, NULL, 'edit-ini', 'ENABLED', 0, 1, 1, '2018-06-21 23:39:33', '2018-06-21 23:39:33'),
(19, 'estudiante', 'Persona que empieza en herbalife', 2, NULL, NULL, NULL, NULL, NULL, 'ENABLED', 0, 1, 1, '2018-09-12 21:07:54', '2018-09-12 21:07:54'),
(20, 'socio junior', 'El nivel mas bajo de herbalife', 3, NULL, NULL, NULL, NULL, NULL, 'ENABLED', 0, 1, 1, '2018-09-12 21:08:28', '2018-09-12 21:08:28'),
(21, 'Reportes', 'Modulo para la administracion de Clientes del club', 1, NULL, NULL, NULL, NULL, NULL, 'ENABLED', 0, 1, 1, '2018-06-15 02:08:19', '2018-06-15 02:08:19'),
(22, 'Promociones', 'Modulo para la administracion de las promociones del club', 1, NULL, NULL, NULL, NULL, NULL, 'ENABLED', 0, 1, 1, '2018-06-15 02:08:19', '2018-06-15 02:08:19'),
(23, 'Recursos Humanos', 'Modulo para la administracion del personal del club', 1, NULL, NULL, NULL, NULL, NULL, 'ENABLED', 0, 1, 1, '2018-06-15 02:08:19', '2018-06-15 02:08:19'),
(24, 'Inventario', 'Modulo para la administracion de los productos', 1, NULL, NULL, NULL, NULL, NULL, 'ENABLED', 0, 1, 1, '2018-06-15 02:08:19', '2018-06-15 02:08:19'),
(25, 'magali', 'administradora del sistema', 8, NULL, '150', 10, NULL, NULL, 'ENABLED', 0, 1, 1, '2018-09-18 12:16:55', '2018-09-18 12:16:55'),
(26, 'Cliente', 'Cliente que asiste al club', 4, NULL, NULL, NULL, NULL, NULL, 'ENABLED', 0, 1, 1, '2018-06-15 19:56:38', '2018-06-15 19:56:38');

-- --------------------------------------------------------

--
-- Estructura de tabla para la tabla `ci_sessions`
--

CREATE TABLE `ci_sessions` (
  `id` varchar(128) NOT NULL,
  `ip_address` varchar(45) NOT NULL,
  `timestamp` int(10) UNSIGNED NOT NULL DEFAULT '0',
  `data` blob NOT NULL COMMENT '{"label":"Datos en sesion","input":"textarea"}',
  `last_activity` datetime NOT NULL,
  `id_usuario` int(11) UNSIGNED DEFAULT NULL COMMENT '{"label":"Nombre del Usuario","selectBy":["nombre","apellido"]}',
  `id_hbf_sesion` int(10) UNSIGNED DEFAULT NULL COMMENT '{"label":"Sesion de","selectBy":"id_asociado"}'
) ENGINE=InnoDB DEFAULT CHARSET=utf8 COMMENT='{"title":"Sesiones del Sistema","indexFields":["ip_address","timestamp","last_activity","id_usuario"],"numListed":4}';

--
-- Volcado de datos para la tabla `ci_sessions`
--

INSERT INTO `ci_sessions` (`id`, `ip_address`, `timestamp`, `data`, `last_activity`, `id_usuario`, `id_hbf_sesion`) VALUES
('10h49ol0c8fni4ecec316focu6', '127.0.0.1', 1565916324, 0x5f5f63695f6c6173745f726567656e65726174657c693a313536353931363332343b61646d696e5f6c6f67676564696e7c613a373a7b733a31303a2269645f7573756172696f223b733a323a223132223b733a353a22656d61696c223b733a31343a226d61677940676d61696c2e636f6d223b733a383a2270617373776f7264223b733a3132383a223335626236623232393263353433613362656134373936303665363735356139303334616361336664306133626530323138303839306164356561363733613333346465633832666563333836383830623730313061636537346534393537643962626636653763306539313832363438383936613566643939346631306134223b733a31343a2269645f6f7063696f6e5f726f6c65223b733a313a2231223b733a363a226e6f6d627265223b733a363a226d6167616c69223b733a383a226170656c6c69646f223b733a343a2276657261223b733a383a226c6f67676564696e223b623a313b7d, '0000-00-00 00:00:00', NULL, NULL),
('4fv4uejnplbua17jojinu1jr3r', '127.0.0.1', 1565829428, 0x5f5f63695f6c6173745f726567656e65726174657c693a313536353832393432383b61646d696e5f6c6f67676564696e7c613a373a7b733a31303a2269645f7573756172696f223b733a323a223132223b733a353a22656d61696c223b733a31343a226d61677940676d61696c2e636f6d223b733a383a2270617373776f7264223b733a3132383a223335626236623232393263353433613362656134373936303665363735356139303334616361336664306133626530323138303839306164356561363733613333346465633832666563333836383830623730313061636537346534393537643962626636653763306539313832363438383936613566643939346631306134223b733a31343a2269645f6f7063696f6e5f726f6c65223b733a313a2231223b733a363a226e6f6d627265223b733a363a226d6167616c69223b733a383a226170656c6c69646f223b733a343a2276657261223b733a383a226c6f67676564696e223b623a313b7d, '0000-00-00 00:00:00', NULL, NULL),
('4mlj2n9bii2tvf2pf4gtpsmv2i', '127.0.0.1', 1565918357, 0x5f5f63695f6c6173745f726567656e65726174657c693a313536353931383335353b61646d696e5f6c6f67676564696e7c613a373a7b733a31303a2269645f7573756172696f223b733a323a223132223b733a353a22656d61696c223b733a31343a226d61677940676d61696c2e636f6d223b733a383a2270617373776f7264223b733a3132383a223335626236623232393263353433613362656134373936303665363735356139303334616361336664306133626530323138303839306164356561363733613333346465633832666563333836383830623730313061636537346534393537643962626636653763306539313832363438383936613566643939346631306134223b733a31343a2269645f6f7063696f6e5f726f6c65223b733a313a2231223b733a363a226e6f6d627265223b733a363a226d6167616c69223b733a383a226170656c6c69646f223b733a343a2276657261223b733a383a226c6f67676564696e223b623a313b7d, '0000-00-00 00:00:00', NULL, NULL),
('6f8sq1n9dpn019e0nim3rtsp15', '127.0.0.1', 1565916004, 0x5f5f63695f6c6173745f726567656e65726174657c693a313536353931363030343b61646d696e5f6c6f67676564696e7c613a373a7b733a31303a2269645f7573756172696f223b733a323a223132223b733a353a22656d61696c223b733a31343a226d61677940676d61696c2e636f6d223b733a383a2270617373776f7264223b733a3132383a223335626236623232393263353433613362656134373936303665363735356139303334616361336664306133626530323138303839306164356561363733613333346465633832666563333836383830623730313061636537346534393537643962626636653763306539313832363438383936613566643939346631306134223b733a31343a2269645f6f7063696f6e5f726f6c65223b733a313a2231223b733a363a226e6f6d627265223b733a363a226d6167616c69223b733a383a226170656c6c69646f223b733a343a2276657261223b733a383a226c6f67676564696e223b623a313b7d, '0000-00-00 00:00:00', NULL, NULL),
('7kaikr8i9v7u7dl38gfptjopk8', '127.0.0.1', 1565834025, 0x5f5f63695f6c6173745f726567656e65726174657c693a313536353833343032353b61646d696e5f6c6f67676564696e7c613a373a7b733a31303a2269645f7573756172696f223b733a323a223132223b733a353a22656d61696c223b733a31343a226d61677940676d61696c2e636f6d223b733a383a2270617373776f7264223b733a3132383a223335626236623232393263353433613362656134373936303665363735356139303334616361336664306133626530323138303839306164356561363733613333346465633832666563333836383830623730313061636537346534393537643962626636653763306539313832363438383936613566643939346631306134223b733a31343a2269645f6f7063696f6e5f726f6c65223b733a313a2231223b733a363a226e6f6d627265223b733a363a226d6167616c69223b733a383a226170656c6c69646f223b733a343a2276657261223b733a383a226c6f67676564696e223b623a313b7d, '0000-00-00 00:00:00', NULL, NULL),
('8kalieql7bbnubc0ikaopnk506', '127.0.0.1', 1565830580, 0x5f5f63695f6c6173745f726567656e65726174657c693a313536353833303538303b61646d696e5f6c6f67676564696e7c613a373a7b733a31303a2269645f7573756172696f223b733a323a223132223b733a353a22656d61696c223b733a31343a226d61677940676d61696c2e636f6d223b733a383a2270617373776f7264223b733a3132383a223335626236623232393263353433613362656134373936303665363735356139303334616361336664306133626530323138303839306164356561363733613333346465633832666563333836383830623730313061636537346534393537643962626636653763306539313832363438383936613566643939346631306134223b733a31343a2269645f6f7063696f6e5f726f6c65223b733a313a2231223b733a363a226e6f6d627265223b733a363a226d6167616c69223b733a383a226170656c6c69646f223b733a343a2276657261223b733a383a226c6f67676564696e223b623a313b7d, '0000-00-00 00:00:00', NULL, NULL),
('8kevglevpmh7n5sdtps20jao1f', '127.0.0.1', 1565889547, 0x5f5f63695f6c6173745f726567656e65726174657c693a313536353838393534373b61646d696e5f6c6f67676564696e7c613a373a7b733a31303a2269645f7573756172696f223b733a323a223132223b733a353a22656d61696c223b733a31343a226d61677940676d61696c2e636f6d223b733a383a2270617373776f7264223b733a3132383a223335626236623232393263353433613362656134373936303665363735356139303334616361336664306133626530323138303839306164356561363733613333346465633832666563333836383830623730313061636537346534393537643962626636653763306539313832363438383936613566643939346631306134223b733a31343a2269645f6f7063696f6e5f726f6c65223b733a313a2231223b733a363a226e6f6d627265223b733a363a226d6167616c69223b733a383a226170656c6c69646f223b733a343a2276657261223b733a383a226c6f67676564696e223b623a313b7d, '0000-00-00 00:00:00', NULL, NULL),
('bbt6scgf2ul16u836vcdtgv0iv', '127.0.0.1', 1565891035, 0x5f5f63695f6c6173745f726567656e65726174657c693a313536353839313032343b61646d696e5f6c6f67676564696e7c613a373a7b733a31303a2269645f7573756172696f223b733a323a223132223b733a353a22656d61696c223b733a31343a226d61677940676d61696c2e636f6d223b733a383a2270617373776f7264223b733a3132383a223335626236623232393263353433613362656134373936303665363735356139303334616361336664306133626530323138303839306164356561363733613333346465633832666563333836383830623730313061636537346534393537643962626636653763306539313832363438383936613566643939346631306134223b733a31343a2269645f6f7063696f6e5f726f6c65223b733a313a2231223b733a363a226e6f6d627265223b733a363a226d6167616c69223b733a383a226170656c6c69646f223b733a343a2276657261223b733a383a226c6f67676564696e223b623a313b7d, '0000-00-00 00:00:00', NULL, NULL),
('be3gvhofaiav39n2ulg42le318', '127.0.0.1', 1565917000, 0x5f5f63695f6c6173745f726567656e65726174657c693a313536353931373030303b61646d696e5f6c6f67676564696e7c613a373a7b733a31303a2269645f7573756172696f223b733a323a223132223b733a353a22656d61696c223b733a31343a226d61677940676d61696c2e636f6d223b733a383a2270617373776f7264223b733a3132383a223335626236623232393263353433613362656134373936303665363735356139303334616361336664306133626530323138303839306164356561363733613333346465633832666563333836383830623730313061636537346534393537643962626636653763306539313832363438383936613566643939346631306134223b733a31343a2269645f6f7063696f6e5f726f6c65223b733a313a2231223b733a363a226e6f6d627265223b733a363a226d6167616c69223b733a383a226170656c6c69646f223b733a343a2276657261223b733a383a226c6f67676564696e223b623a313b7d, '0000-00-00 00:00:00', NULL, NULL),
('bjpskop72l800cg2btdip1hiig', '127.0.0.1', 1565890593, 0x5f5f63695f6c6173745f726567656e65726174657c693a313536353839303539333b61646d696e5f6c6f67676564696e7c613a373a7b733a31303a2269645f7573756172696f223b733a323a223132223b733a353a22656d61696c223b733a31343a226d61677940676d61696c2e636f6d223b733a383a2270617373776f7264223b733a3132383a223335626236623232393263353433613362656134373936303665363735356139303334616361336664306133626530323138303839306164356561363733613333346465633832666563333836383830623730313061636537346534393537643962626636653763306539313832363438383936613566643939346631306134223b733a31343a2269645f6f7063696f6e5f726f6c65223b733a313a2231223b733a363a226e6f6d627265223b733a363a226d6167616c69223b733a383a226170656c6c69646f223b733a343a2276657261223b733a383a226c6f67676564696e223b623a313b7d, '0000-00-00 00:00:00', NULL, NULL),
('bmmtlhaduo54gon7m6e531lqr5', '127.0.0.1', 1565831891, 0x5f5f63695f6c6173745f726567656e65726174657c693a313536353833313838393b61646d696e5f6c6f67676564696e7c613a373a7b733a31303a2269645f7573756172696f223b733a323a223132223b733a353a22656d61696c223b733a31343a226d61677940676d61696c2e636f6d223b733a383a2270617373776f7264223b733a3132383a223335626236623232393263353433613362656134373936303665363735356139303334616361336664306133626530323138303839306164356561363733613333346465633832666563333836383830623730313061636537346534393537643962626636653763306539313832363438383936613566643939346631306134223b733a31343a2269645f6f7063696f6e5f726f6c65223b733a313a2231223b733a363a226e6f6d627265223b733a363a226d6167616c69223b733a383a226170656c6c69646f223b733a343a2276657261223b733a383a226c6f67676564696e223b623a313b7d, '0000-00-00 00:00:00', NULL, NULL),
('cpdbcmh3vphf799clocvtkq75f', '127.0.0.1', 1565918443, 0x5f5f63695f6c6173745f726567656e65726174657c693a313536353931383431333b61646d696e5f6c6f67676564696e7c613a373a7b733a31303a2269645f7573756172696f223b733a323a223132223b733a353a22656d61696c223b733a31343a226d61677940676d61696c2e636f6d223b733a383a2270617373776f7264223b733a3132383a223335626236623232393263353433613362656134373936303665363735356139303334616361336664306133626530323138303839306164356561363733613333346465633832666563333836383830623730313061636537346534393537643962626636653763306539313832363438383936613566643939346631306134223b733a31343a2269645f6f7063696f6e5f726f6c65223b733a313a2231223b733a363a226e6f6d627265223b733a363a226d6167616c69223b733a383a226170656c6c69646f223b733a343a2276657261223b733a383a226c6f67676564696e223b623a313b7d, '0000-00-00 00:00:00', NULL, NULL),
('dn1ccfb7tq7useusjbepb2k01l', '127.0.0.1', 1565918411, 0x5f5f63695f6c6173745f726567656e65726174657c693a313536353931383431313b, '0000-00-00 00:00:00', NULL, NULL),
('duclsktgm885bf06qaak245haj', '127.0.0.1', 1565828898, 0x5f5f63695f6c6173745f726567656e65726174657c693a313536353832383839383b61646d696e5f6c6f67676564696e7c613a373a7b733a31303a2269645f7573756172696f223b733a323a223132223b733a353a22656d61696c223b733a31343a226d61677940676d61696c2e636f6d223b733a383a2270617373776f7264223b733a3132383a223335626236623232393263353433613362656134373936303665363735356139303334616361336664306133626530323138303839306164356561363733613333346465633832666563333836383830623730313061636537346534393537643962626636653763306539313832363438383936613566643939346631306134223b733a31343a2269645f6f7063696f6e5f726f6c65223b733a313a2231223b733a363a226e6f6d627265223b733a363a226d6167616c69223b733a383a226170656c6c69646f223b733a343a2276657261223b733a383a226c6f67676564696e223b623a313b7d, '0000-00-00 00:00:00', NULL, NULL),
('e05mi1675cm2706guj2a40j2lh', '127.0.0.1', 1565833203, 0x5f5f63695f6c6173745f726567656e65726174657c693a313536353833333230323b61646d696e5f6c6f67676564696e7c613a373a7b733a31303a2269645f7573756172696f223b733a323a223132223b733a353a22656d61696c223b733a31343a226d61677940676d61696c2e636f6d223b733a383a2270617373776f7264223b733a3132383a223335626236623232393263353433613362656134373936303665363735356139303334616361336664306133626530323138303839306164356561363733613333346465633832666563333836383830623730313061636537346534393537643962626636653763306539313832363438383936613566643939346631306134223b733a31343a2269645f6f7063696f6e5f726f6c65223b733a313a2231223b733a363a226e6f6d627265223b733a363a226d6167616c69223b733a383a226170656c6c69646f223b733a343a2276657261223b733a383a226c6f67676564696e223b623a313b7d, '0000-00-00 00:00:00', NULL, NULL),
('elqkdc33e0b7rsp73j8vo6lnso', '127.0.0.1', 1565832678, 0x5f5f63695f6c6173745f726567656e65726174657c693a313536353833323637383b61646d696e5f6c6f67676564696e7c613a373a7b733a31303a2269645f7573756172696f223b733a323a223132223b733a353a22656d61696c223b733a31343a226d61677940676d61696c2e636f6d223b733a383a2270617373776f7264223b733a3132383a223335626236623232393263353433613362656134373936303665363735356139303334616361336664306133626530323138303839306164356561363733613333346465633832666563333836383830623730313061636537346534393537643962626636653763306539313832363438383936613566643939346631306134223b733a31343a2269645f6f7063696f6e5f726f6c65223b733a313a2231223b733a363a226e6f6d627265223b733a363a226d6167616c69223b733a383a226170656c6c69646f223b733a343a2276657261223b733a383a226c6f67676564696e223b623a313b7d, '0000-00-00 00:00:00', NULL, NULL),
('eta2tdnq2gnip9tudsa4snml1t', '127.0.0.1', 1565889930, 0x5f5f63695f6c6173745f726567656e65726174657c693a313536353838393933303b61646d696e5f6c6f67676564696e7c613a373a7b733a31303a2269645f7573756172696f223b733a323a223132223b733a353a22656d61696c223b733a31343a226d61677940676d61696c2e636f6d223b733a383a2270617373776f7264223b733a3132383a223335626236623232393263353433613362656134373936303665363735356139303334616361336664306133626530323138303839306164356561363733613333346465633832666563333836383830623730313061636537346534393537643962626636653763306539313832363438383936613566643939346631306134223b733a31343a2269645f6f7063696f6e5f726f6c65223b733a313a2231223b733a363a226e6f6d627265223b733a363a226d6167616c69223b733a383a226170656c6c69646f223b733a343a2276657261223b733a383a226c6f67676564696e223b623a313b7d, '0000-00-00 00:00:00', NULL, NULL),
('fj28l6k4h3b0cbbsm8qav8s7qa', '127.0.0.1', 1565831404, 0x5f5f63695f6c6173745f726567656e65726174657c693a313536353833313430343b61646d696e5f6c6f67676564696e7c613a373a7b733a31303a2269645f7573756172696f223b733a323a223132223b733a353a22656d61696c223b733a31343a226d61677940676d61696c2e636f6d223b733a383a2270617373776f7264223b733a3132383a223335626236623232393263353433613362656134373936303665363735356139303334616361336664306133626530323138303839306164356561363733613333346465633832666563333836383830623730313061636537346534393537643962626636653763306539313832363438383936613566643939346631306134223b733a31343a2269645f6f7063696f6e5f726f6c65223b733a313a2231223b733a363a226e6f6d627265223b733a363a226d6167616c69223b733a383a226170656c6c69646f223b733a343a2276657261223b733a383a226c6f67676564696e223b623a313b7d, '0000-00-00 00:00:00', NULL, NULL),
('fq6ktdc4ueb7l2pq6g82tabri8', '127.0.0.1', 1565915525, 0x5f5f63695f6c6173745f726567656e65726174657c693a313536353931353532353b61646d696e5f6c6f67676564696e7c613a373a7b733a31303a2269645f7573756172696f223b733a323a223132223b733a353a22656d61696c223b733a31343a226d61677940676d61696c2e636f6d223b733a383a2270617373776f7264223b733a3132383a223335626236623232393263353433613362656134373936303665363735356139303334616361336664306133626530323138303839306164356561363733613333346465633832666563333836383830623730313061636537346534393537643962626636653763306539313832363438383936613566643939346631306134223b733a31343a2269645f6f7063696f6e5f726f6c65223b733a313a2231223b733a363a226e6f6d627265223b733a363a226d6167616c69223b733a383a226170656c6c69646f223b733a343a2276657261223b733a383a226c6f67676564696e223b623a313b7d, '0000-00-00 00:00:00', NULL, NULL),
('g07m3vg4ubvr6nkn34c37k1vlb', '127.0.0.1', 1565889074, 0x5f5f63695f6c6173745f726567656e65726174657c693a313536353838393037343b61646d696e5f6c6f67676564696e7c613a373a7b733a31303a2269645f7573756172696f223b733a323a223132223b733a353a22656d61696c223b733a31343a226d61677940676d61696c2e636f6d223b733a383a2270617373776f7264223b733a3132383a223335626236623232393263353433613362656134373936303665363735356139303334616361336664306133626530323138303839306164356561363733613333346465633832666563333836383830623730313061636537346534393537643962626636653763306539313832363438383936613566643939346631306134223b733a31343a2269645f6f7063696f6e5f726f6c65223b733a313a2231223b733a363a226e6f6d627265223b733a363a226d6167616c69223b733a383a226170656c6c69646f223b733a343a2276657261223b733a383a226c6f67676564696e223b623a313b7d, '0000-00-00 00:00:00', NULL, NULL),
('gip0hh5tam84klos02u0r9d0ho', '127.0.0.1', 1565835065, 0x5f5f63695f6c6173745f726567656e65726174657c693a313536353833353036353b61646d696e5f6c6f67676564696e7c613a373a7b733a31303a2269645f7573756172696f223b733a323a223132223b733a353a22656d61696c223b733a31343a226d61677940676d61696c2e636f6d223b733a383a2270617373776f7264223b733a3132383a223335626236623232393263353433613362656134373936303665363735356139303334616361336664306133626530323138303839306164356561363733613333346465633832666563333836383830623730313061636537346534393537643962626636653763306539313832363438383936613566643939346631306134223b733a31343a2269645f6f7063696f6e5f726f6c65223b733a313a2231223b733a363a226e6f6d627265223b733a363a226d6167616c69223b733a383a226170656c6c69646f223b733a343a2276657261223b733a383a226c6f67676564696e223b623a313b7d, '0000-00-00 00:00:00', NULL, NULL),
('msvtfqe6kmar369u35k2rj1bkq', '127.0.0.1', 1565833525, 0x5f5f63695f6c6173745f726567656e65726174657c693a313536353833333532353b61646d696e5f6c6f67676564696e7c613a373a7b733a31303a2269645f7573756172696f223b733a323a223132223b733a353a22656d61696c223b733a31343a226d61677940676d61696c2e636f6d223b733a383a2270617373776f7264223b733a3132383a223335626236623232393263353433613362656134373936303665363735356139303334616361336664306133626530323138303839306164356561363733613333346465633832666563333836383830623730313061636537346534393537643962626636653763306539313832363438383936613566643939346631306134223b733a31343a2269645f6f7063696f6e5f726f6c65223b733a313a2231223b733a363a226e6f6d627265223b733a363a226d6167616c69223b733a383a226170656c6c69646f223b733a343a2276657261223b733a383a226c6f67676564696e223b623a313b7d, '0000-00-00 00:00:00', NULL, NULL),
('ntp9pbfilj112obnf03u9fr4t8', '127.0.0.1', 1565891024, 0x5f5f63695f6c6173745f726567656e65726174657c693a313536353839313032343b61646d696e5f6c6f67676564696e7c613a373a7b733a31303a2269645f7573756172696f223b733a323a223132223b733a353a22656d61696c223b733a31343a226d61677940676d61696c2e636f6d223b733a383a2270617373776f7264223b733a3132383a223335626236623232393263353433613362656134373936303665363735356139303334616361336664306133626530323138303839306164356561363733613333346465633832666563333836383830623730313061636537346534393537643962626636653763306539313832363438383936613566643939346631306134223b733a31343a2269645f6f7063696f6e5f726f6c65223b733a313a2231223b733a363a226e6f6d627265223b733a363a226d6167616c69223b733a383a226170656c6c69646f223b733a343a2276657261223b733a383a226c6f67676564696e223b623a313b7d, '0000-00-00 00:00:00', NULL, NULL),
('pb0dvgth8ps7s7jkq3ch1l5le7', '127.0.0.1', 1565915209, 0x5f5f63695f6c6173745f726567656e65726174657c693a313536353931353230393b61646d696e5f6c6f67676564696e7c613a373a7b733a31303a2269645f7573756172696f223b733a323a223132223b733a353a22656d61696c223b733a31343a226d61677940676d61696c2e636f6d223b733a383a2270617373776f7264223b733a3132383a223335626236623232393263353433613362656134373936303665363735356139303334616361336664306133626530323138303839306164356561363733613333346465633832666563333836383830623730313061636537346534393537643962626636653763306539313832363438383936613566643939346631306134223b733a31343a2269645f6f7063696f6e5f726f6c65223b733a313a2231223b733a363a226e6f6d627265223b733a363a226d6167616c69223b733a383a226170656c6c69646f223b733a343a2276657261223b733a383a226c6f67676564696e223b623a313b7d, '0000-00-00 00:00:00', NULL, NULL),
('ppclqenpmm10foo9eqi5k1qeli', '127.0.0.1', 1565890285, 0x5f5f63695f6c6173745f726567656e65726174657c693a313536353839303238353b61646d696e5f6c6f67676564696e7c613a373a7b733a31303a2269645f7573756172696f223b733a323a223132223b733a353a22656d61696c223b733a31343a226d61677940676d61696c2e636f6d223b733a383a2270617373776f7264223b733a3132383a223335626236623232393263353433613362656134373936303665363735356139303334616361336664306133626530323138303839306164356561363733613333346465633832666563333836383830623730313061636537346534393537643962626636653763306539313832363438383936613566643939346631306134223b733a31343a2269645f6f7063696f6e5f726f6c65223b733a313a2231223b733a363a226e6f6d627265223b733a363a226d6167616c69223b733a383a226170656c6c69646f223b733a343a2276657261223b733a383a226c6f67676564696e223b623a313b7d, '0000-00-00 00:00:00', NULL, NULL),
('pvh6i7pcisd41a1cncqgbl48lj', '127.0.0.1', 1565834733, 0x5f5f63695f6c6173745f726567656e65726174657c693a313536353833343733333b61646d696e5f6c6f67676564696e7c613a373a7b733a31303a2269645f7573756172696f223b733a323a223132223b733a353a22656d61696c223b733a31343a226d61677940676d61696c2e636f6d223b733a383a2270617373776f7264223b733a3132383a223335626236623232393263353433613362656134373936303665363735356139303334616361336664306133626530323138303839306164356561363733613333346465633832666563333836383830623730313061636537346534393537643962626636653763306539313832363438383936613566643939346631306134223b733a31343a2269645f6f7063696f6e5f726f6c65223b733a313a2231223b733a363a226e6f6d627265223b733a363a226d6167616c69223b733a383a226170656c6c69646f223b733a343a2276657261223b733a383a226c6f67676564696e223b623a313b7d, '0000-00-00 00:00:00', NULL, NULL),
('q8p1kdhseai5184jdbdrdaqqak', '127.0.0.1', 1565834421, 0x5f5f63695f6c6173745f726567656e65726174657c693a313536353833343432313b61646d696e5f6c6f67676564696e7c613a373a7b733a31303a2269645f7573756172696f223b733a323a223132223b733a353a22656d61696c223b733a31343a226d61677940676d61696c2e636f6d223b733a383a2270617373776f7264223b733a3132383a223335626236623232393263353433613362656134373936303665363735356139303334616361336664306133626530323138303839306164356561363733613333346465633832666563333836383830623730313061636537346534393537643962626636653763306539313832363438383936613566643939346631306134223b733a31343a2269645f6f7063696f6e5f726f6c65223b733a313a2231223b733a363a226e6f6d627265223b733a363a226d6167616c69223b733a383a226170656c6c69646f223b733a343a2276657261223b733a383a226c6f67676564696e223b623a313b7d, '0000-00-00 00:00:00', NULL, NULL),
('r9u4nmjr4sapfc2i6hsah7q4sg', '127.0.0.1', 1565829826, 0x5f5f63695f6c6173745f726567656e65726174657c693a313536353832393832363b61646d696e5f6c6f67676564696e7c613a373a7b733a31303a2269645f7573756172696f223b733a323a223132223b733a353a22656d61696c223b733a31343a226d61677940676d61696c2e636f6d223b733a383a2270617373776f7264223b733a3132383a223335626236623232393263353433613362656134373936303665363735356139303334616361336664306133626530323138303839306164356561363733613333346465633832666563333836383830623730313061636537346534393537643962626636653763306539313832363438383936613566643939346631306134223b733a31343a2269645f6f7063696f6e5f726f6c65223b733a313a2231223b733a363a226e6f6d627265223b733a363a226d6167616c69223b733a383a226170656c6c69646f223b733a343a2276657261223b733a383a226c6f67676564696e223b623a313b7d, '0000-00-00 00:00:00', NULL, NULL),
('ru8qhis8n9o99c700e8m4qqqi1', '127.0.0.1', 1565835826, 0x5f5f63695f6c6173745f726567656e65726174657c693a313536353833353539383b61646d696e5f6c6f67676564696e7c613a373a7b733a31303a2269645f7573756172696f223b733a323a223132223b733a353a22656d61696c223b733a31343a226d61677940676d61696c2e636f6d223b733a383a2270617373776f7264223b733a3132383a223335626236623232393263353433613362656134373936303665363735356139303334616361336664306133626530323138303839306164356561363733613333346465633832666563333836383830623730313061636537346534393537643962626636653763306539313832363438383936613566643939346631306134223b733a31343a2269645f6f7063696f6e5f726f6c65223b733a313a2231223b733a363a226e6f6d627265223b733a363a226d6167616c69223b733a383a226170656c6c69646f223b733a343a2276657261223b733a383a226c6f67676564696e223b623a313b7d, '0000-00-00 00:00:00', NULL, NULL),
('utn71utiggip9dk11q3qgfbakt', '127.0.0.1', 1565835413, 0x5f5f63695f6c6173745f726567656e65726174657c693a313536353833353431333b61646d696e5f6c6f67676564696e7c613a373a7b733a31303a2269645f7573756172696f223b733a323a223132223b733a353a22656d61696c223b733a31343a226d61677940676d61696c2e636f6d223b733a383a2270617373776f7264223b733a3132383a223335626236623232393263353433613362656134373936303665363735356139303334616361336664306133626530323138303839306164356561363733613333346465633832666563333836383830623730313061636537346534393537643962626636653763306539313832363438383936613566643939346631306134223b733a31343a2269645f6f7063696f6e5f726f6c65223b733a313a2231223b733a363a226e6f6d627265223b733a363a226d6167616c69223b733a383a226170656c6c69646f223b733a343a2276657261223b733a383a226c6f67676564696e223b623a313b7d, '0000-00-00 00:00:00', NULL, NULL);

-- --------------------------------------------------------

--
-- Estructura de tabla para la tabla `ci_settings`
--

CREATE TABLE `ci_settings` (
  `id_setting` int(11) UNSIGNED NOT NULL,
  `nombre` varchar(250) DEFAULT NULL,
  `tabla` varchar(250) NOT NULL COMMENT '{"label":"Tabla","input":"select","options":"db_tabs"}',
  `id_field` varchar(250) DEFAULT NULL COMMENT '{"label":"Columna Referencia","validate":0,"input":"select","class":"table-ref"}',
  `fields` varchar(800) DEFAULT NULL COMMENT '{"validate":0,"label":"Columnas","input":"multiselect","class":"table-fields"}',
  `edit_tag` varchar(250) DEFAULT NULL COMMENT '{"validate":0}',
  `descripcion` varchar(500) DEFAULT NULL,
  `estado` varchar(15) NOT NULL DEFAULT 'ENABLED',
  `change_count` int(11) NOT NULL DEFAULT '0',
  `id_user_modified` int(11) UNSIGNED NOT NULL,
  `id_user_created` int(11) UNSIGNED NOT NULL,
  `date_modified` datetime DEFAULT NULL,
  `date_created` datetime DEFAULT NULL
) ENGINE=InnoDB DEFAULT CHARSET=latin1 COMMENT='{"title":"Configuraciones del Sistema","indexFields":["id_setting","tabla","nombre","descripcion"]}';

--
-- Volcado de datos para la tabla `ci_settings`
--

INSERT INTO `ci_settings` (`id_setting`, `nombre`, `tabla`, `id_field`, `fields`, `edit_tag`, `descripcion`, `estado`, `change_count`, `id_user_modified`, `id_user_created`, `date_modified`, `date_created`) VALUES
(1, 'Modulos', 'ci_modulos', 'id_opcion_modulo', '[\"id_modulo\",\"id_opcion_modulo\",\"listed\",\"descripcion\",\"icon\",\"url\",\"estado\",\"change_count\",\"id_user_modified\",\"id_user_created\",\"date_modified\",\"date_created\"]', 'edit-modulos', 'Opciones para los módulos del sistema', 'ENABLED', 0, 1, 1, '2018-07-20 00:04:54', '2018-06-14 23:20:39'),
(2, 'Tipo Asociado', 'ci_usuarios', 'id_option_tipo_asociado', '[\"id_usuario\",\"nombre\",\"apellido\",\"email\",\"sexo\",\"invitado_por\",\"cellphone_number_1\",\"id_option_tipo_asociado\",\"id_club\",\"id_turno\",\"id_sesion\",\"id_opcion_role\",\"foto_perfil\",\"estado\",\"date_modified\",\"date_created\"]', 'edit-tipo_asociado', 'Opciones para el tipo de asociado', 'ENABLED', 0, 1, 1, '2018-07-20 00:06:04', '2018-06-14 23:21:04'),
(3, 'Nivel Asociado', 'ci_usuarios', 'id_option_nivel_asociado', '[\"id_usuario\",\"nombre\",\"apellido\",\"sexo\",\"cellphone_number_1\",\"id_option_nivel_asociado\",\"id_club\",\"id_turno\",\"id_sesion\",\"id_opcion_role\",\"foto_perfil\",\"estado\",\"date_modified\",\"date_created\"]', 'edit-nivel_asociado', 'Opciones para el nivel de asociado', 'ENABLED', 0, 1, 1, '2018-07-20 00:07:05', '2018-06-14 23:20:59'),
(4, 'Roles', 'ci_usuarios', 'id_opcion_role', '[\"id_usuario\",\"nombre\",\"apellido\",\"fec_nacimiento\",\"sexo\",\"cellphone_number_1\",\"id_club\",\"id_turno\",\"id_sesion\",\"id_opcion_role\",\"foto_perfil\",\"estado\",\"date_modified\",\"date_created\"]', 'edit-roles', 'Opciones para el role del usuario', 'ENABLED', 0, 1, 1, '2018-07-20 00:07:59', '2018-06-14 23:20:52'),
(5, 'Usuario', 'ci_usuarios', 'id_tipo_usuario', '[\"id_usuario\",\"nombre\",\"apellido\",\"fec_nacimiento\",\"sexo\",\"cellphone_number_1\",\"id_club\",\"id_turno\",\"id_sesion\",\"foto_perfil\",\"id_tipo_usuario\",\"estado\",\"date_modified\",\"date_created\"]', 'edit-tipo_usuario', 'Opciones', 'ENABLED', 0, 1, 1, '2018-07-20 00:09:03', '2018-06-14 23:20:46'),
(6, 'Tipo de producto', 'hbf_productos', NULL, NULL, 'edit-tipo_producto', 'Opciones para el tipo de producto', 'ENABLED', 0, 1, 1, '2018-06-14 23:21:23', '2018-06-14 23:21:23'),
(7, 'Categoría de Productos', 'hbf_productos', '', '', 'edit-categoria_producto', 'Opciones para las categorías de productos', 'ENABLED', 0, 1, 1, '2018-06-21 21:53:45', '2018-06-14 23:21:17'),
(8, 'Prepagos', 'hbf_prepagos', '', '', 'edit-prepagos', 'Opciones para los tipos de prepago', 'ENABLED', 0, 1, 1, '2018-06-21 21:52:26', '2018-06-14 23:21:11'),
(9, 'Sesiones', 'hbf_sesiones', '', '', 'edit-ini', 'Opciones para sesiones del club', 'ENABLED', 0, 1, 1, '2018-06-21 23:37:51', '2018-06-15 03:39:25'),
(10, 'Turnos', 'hbf_turnos', '', '', 'edit-ini', 'Opciones para turnos del club', 'ENABLED', 0, 1, 1, '2018-06-21 23:37:25', '2018-06-21 23:35:45');

-- --------------------------------------------------------

--
-- Estructura de tabla para la tabla `ci_usuarios`
--

CREATE TABLE `ci_usuarios` (
  `id_usuario` int(11) UNSIGNED NOT NULL,
  `nombre` varchar(256) DEFAULT NULL,
  `apellido` varchar(256) DEFAULT NULL,
  `username` varchar(250) DEFAULT NULL,
  `email` varchar(100) NOT NULL DEFAULT '' COMMENT '{"validate":["email"]}',
  `password` varchar(128) NOT NULL DEFAULT '' COMMENT '{"validate":["password"],"input":"password"}',
  `fec_nacimiento` date DEFAULT NULL,
  `sexo` varchar(15) DEFAULT NULL COMMENT '{"input":"radios","options":["Masculino","Femenino"]}',
  `invitado_por` int(10) UNSIGNED DEFAULT NULL COMMENT '{"label":"Invitado por","input":"dropdown","selectBy":["nombre","apellido"],"validate":0}',
  `phone_number_1` varchar(20) DEFAULT NULL COMMENT '{"label":"Telefono 1"}',
  `phone_number_2` varchar(20) DEFAULT NULL COMMENT '{"labe":"Telefono 2"}',
  `cellphone_number_1` varchar(20) DEFAULT NULL COMMENT '{"label":"Celular 1"}',
  `cellphone_number_2` varchar(20) DEFAULT NULL COMMENT '{"label":"Celular 2"}',
  `cod_acceso` varchar(50) DEFAULT NULL COMMENT '{"label":"Codigo de acceso"}',
  `id_option_tipo_asociado` int(10) UNSIGNED DEFAULT NULL COMMENT '{"label":"Tipo de asociado","input":"dropdown","selectBy":["id_setting"],"filterBy":{"id_setting":2,"0":"nombre"}}',
  `id_option_nivel_asociado` int(10) UNSIGNED DEFAULT NULL COMMENT '{"label":"Nivel de asociado","input":"dropdown","selectBy":["id_setting"],"filterBy":{"id_setting":3,"0":"nombre"}}',
  `id_club` int(10) UNSIGNED DEFAULT NULL COMMENT '{"label":"Club Perteneciente","input":"select","selectBy":["nombre"]}',
  `id_turno` int(10) UNSIGNED DEFAULT NULL COMMENT '{"label":"Turno de","input":"dropdown","selectBy":"id_asociado"}',
  `id_sesion` int(10) UNSIGNED DEFAULT NULL COMMENT '{"label":"Sesion de","input":"select","selectBy":["id_asociado"]}',
  `id_opcion_role` int(10) UNSIGNED DEFAULT NULL COMMENT '{"label":"Role del usuario","input":"radios","selectBy":["id_setting"],"filterBy":{"id_setting":4,"0":"nombre"}}',
  `foto_perfil` int(11) UNSIGNED DEFAULT NULL COMMENT '{"label":"Foto de perfil","input":"image","validate":0}',
  `app_monitor` varchar(50) DEFAULT NULL COMMENT '{"label":"Permitir app monitoreo","input":"radios","options":["SI","NO"]}',
  `app_orders` varchar(50) DEFAULT NULL COMMENT '{"label":"Permitir app ordenes","input":"radios","options":["SI","NO"]}',
  `app_admin` varchar(50) DEFAULT NULL COMMENT '{"label":"Permitir app administrador","input":"radios","options":["SI","NO"]}',
  `change_count` int(11) NOT NULL DEFAULT '0',
  `herbalife_key` varchar(256) DEFAULT NULL,
  `id_tipo_usuario` int(10) UNSIGNED DEFAULT NULL COMMENT '{"label":"Tipo de Usuario","input":"radios","selectBy":["id_setting"],"filterBy":{"id_setting":5,"0":"nombre"}}',
  `estado` varchar(15) NOT NULL DEFAULT 'ENABLED',
  `date_modified` datetime NOT NULL,
  `date_created` datetime NOT NULL
) ENGINE=InnoDB DEFAULT CHARSET=utf8 COMMENT='{"indexFields":["nombre","apellido","sexo","cellphone_number_1"],"numListed":5,\n"id_tipo_usuario":{\n"edit-draft":["nombre","apellido","sexo","id_option_tipo_usuario"],\n"edit-cliente":["nombre","apellido","sexo","cellphone_number_1","id_turno","id_sesion","foto_perfil","id_option_tipo_usuario"],\n"edit-ini":["nombre","apellido","sexo","cellphone_number_1","id_option_tipo_usuario"]\n}}';

--
-- Volcado de datos para la tabla `ci_usuarios`
--

INSERT INTO `ci_usuarios` (`id_usuario`, `nombre`, `apellido`, `username`, `email`, `password`, `fec_nacimiento`, `sexo`, `invitado_por`, `phone_number_1`, `phone_number_2`, `cellphone_number_1`, `cellphone_number_2`, `cod_acceso`, `id_option_tipo_asociado`, `id_option_nivel_asociado`, `id_club`, `id_turno`, `id_sesion`, `id_opcion_role`, `foto_perfil`, `app_monitor`, `app_orders`, `app_admin`, `change_count`, `herbalife_key`, `id_tipo_usuario`, `estado`, `date_modified`, `date_created`) VALUES
(1, 'Rafael', 'Gutierrez', NULL, 'rafael@herbalife.com.bo', '7e16e374e98f5fd616092e55c81424a4ae7663bb3983ed9de09f01efd4a8ab59cb7f227fe41b2c68d21271b07b3e365f12c40545c4f46ab67bea254cd72bafe7', NULL, NULL, NULL, NULL, NULL, NULL, NULL, NULL, NULL, NULL, NULL, NULL, NULL, 1, NULL, NULL, NULL, NULL, 0, NULL, NULL, 'ENABLED', '2018-06-11 15:01:55', '2018-06-11 15:01:55'),
(2, 'Ernesto', 'Valdivieso', NULL, '', 'c7f8de33a576703e8990cce58d023adcc1949bdccf956a0da0e52b4f93062c187367d8df28adf754827da89825e93ebd7c75eddfea28d742d0df4d192d4dc223', NULL, '0', NULL, NULL, NULL, NULL, NULL, NULL, NULL, NULL, NULL, NULL, NULL, 26, 0, NULL, NULL, NULL, 0, NULL, NULL, 'ENABLED', '2018-06-21 23:42:20', '2018-06-21 23:42:20'),
(3, 'Esteban', 'Arce', NULL, '', 'c7f8de33a576703e8990cce58d023adcc1949bdccf956a0da0e52b4f93062c187367d8df28adf754827da89825e93ebd7c75eddfea28d742d0df4d192d4dc223', NULL, '0', NULL, NULL, NULL, NULL, NULL, NULL, NULL, NULL, NULL, NULL, NULL, 26, 0, NULL, NULL, NULL, 0, NULL, NULL, 'ENABLED', '2018-06-22 10:26:04', '2018-06-22 10:26:04'),
(4, 'javier', 'ascar', NULL, '', 'c7f8de33a576703e8990cce58d023adcc1949bdccf956a0da0e52b4f93062c187367d8df28adf754827da89825e93ebd7c75eddfea28d742d0df4d192d4dc223', NULL, '0', NULL, NULL, NULL, NULL, NULL, NULL, NULL, NULL, NULL, NULL, NULL, 26, 0, NULL, NULL, NULL, 0, NULL, NULL, 'ENABLED', '2018-07-05 02:52:39', '2018-07-05 02:52:39'),
(6, 'Juan', 'Perez', NULL, '', 'c7f8de33a576703e8990cce58d023adcc1949bdccf956a0da0e52b4f93062c187367d8df28adf754827da89825e93ebd7c75eddfea28d742d0df4d192d4dc223', NULL, '0', NULL, NULL, NULL, NULL, NULL, NULL, NULL, NULL, NULL, NULL, NULL, 26, 0, NULL, NULL, NULL, 0, NULL, NULL, 'ENABLED', '2018-07-21 13:10:10', '2018-07-21 13:10:10'),
(9, 'Ricardo', 'Peralta', NULL, '', 'c7f8de33a576703e8990cce58d023adcc1949bdccf956a0da0e52b4f93062c187367d8df28adf754827da89825e93ebd7c75eddfea28d742d0df4d192d4dc223', NULL, '0', NULL, NULL, NULL, NULL, NULL, NULL, NULL, NULL, NULL, NULL, NULL, 26, 0, NULL, NULL, NULL, 0, NULL, NULL, 'ENABLED', '2018-07-21 14:45:19', '2018-07-21 14:45:19'),
(11, 'Magali ', 'Vera', NULL, 'magali@herbalife.com.bo', '35bb6b2292c543a3bea479606e6755a9034aca3fd0a3be02180890ad5ea673a334dec82fec386880b7010ace74e4957d9bbf6e7c0e9182648896a5fd994f10a4', NULL, NULL, NULL, NULL, NULL, NULL, NULL, NULL, NULL, NULL, NULL, NULL, NULL, 7, NULL, NULL, NULL, NULL, 0, NULL, NULL, 'ENABLED', '2018-09-11 16:35:34', '2018-09-11 16:35:34'),
(12, 'magali', 'vera', 'vmagui', 'magy@gmail.com', '35bb6b2292c543a3bea479606e6755a9034aca3fd0a3be02180890ad5ea673a334dec82fec386880b7010ace74e4957d9bbf6e7c0e9182648896a5fd994f10a4', '0000-00-00', '1', 12, '1234567', '1234567', '123456789', '12345678', '123456789', 19, 20, 1, 3, 1, 1, 0, '0', '0', '0', 0, '123456', 10, 'ENABLED', '2018-09-15 21:46:12', '2018-09-12 17:51:05'),
(13, 'Pepito', 'Perez', NULL, '', 'c7f8de33a576703e8990cce58d023adcc1949bdccf956a0da0e52b4f93062c187367d8df28adf754827da89825e93ebd7c75eddfea28d742d0df4d192d4dc223', NULL, '0', NULL, NULL, NULL, NULL, NULL, NULL, NULL, NULL, NULL, NULL, NULL, 26, 0, NULL, NULL, NULL, 0, NULL, NULL, 'ENABLED', '2018-09-15 21:56:22', '2018-09-15 21:56:22'),
(14, 'Carolina', 'Vargas', NULL, '', 'c7f8de33a576703e8990cce58d023adcc1949bdccf956a0da0e52b4f93062c187367d8df28adf754827da89825e93ebd7c75eddfea28d742d0df4d192d4dc223', NULL, '1', NULL, NULL, NULL, NULL, NULL, NULL, NULL, NULL, NULL, NULL, NULL, 26, 0, NULL, NULL, NULL, 0, NULL, NULL, 'ENABLED', '2018-09-15 22:17:48', '2018-09-15 22:17:48'),
(18, 'karen', 'Gomez', NULL, '', 'c7f8de33a576703e8990cce58d023adcc1949bdccf956a0da0e52b4f93062c187367d8df28adf754827da89825e93ebd7c75eddfea28d742d0df4d192d4dc223', NULL, '1', NULL, NULL, NULL, NULL, NULL, NULL, NULL, NULL, NULL, NULL, NULL, 26, 0, NULL, NULL, NULL, 0, NULL, NULL, 'ENABLED', '2018-09-17 22:12:20', '2018-09-17 22:12:20'),
(19, 'isabel', 'peralta', NULL, '', 'c7f8de33a576703e8990cce58d023adcc1949bdccf956a0da0e52b4f93062c187367d8df28adf754827da89825e93ebd7c75eddfea28d742d0df4d192d4dc223', NULL, '1', NULL, NULL, NULL, NULL, NULL, NULL, NULL, NULL, NULL, NULL, NULL, 26, 0, NULL, NULL, NULL, 0, NULL, NULL, 'ENABLED', '2018-09-18 12:14:48', '2018-09-18 12:14:48'),
(20, 'maria', 'pinedo', 'maria', 'maria@gmail.com', '35bb6b2292c543a3bea479606e6755a9034aca3fd0a3be02180890ad5ea673a334dec82fec386880b7010ace74e4957d9bbf6e7c0e9182648896a5fd994f10a4', '0000-00-00', '1', 19, '1234567', '123456', '123123', '1234567', '1234567', 19, 20, 1, 3, 1, 7, 0, '0', '0', '0', 0, '123456', 10, 'ENABLED', '2018-09-18 13:02:26', '2018-09-18 13:02:26'),
(21, 'Beatriz', 'Cardozo', NULL, '', 'c7f8de33a576703e8990cce58d023adcc1949bdccf956a0da0e52b4f93062c187367d8df28adf754827da89825e93ebd7c75eddfea28d742d0df4d192d4dc223', NULL, '1', NULL, NULL, NULL, NULL, NULL, NULL, NULL, NULL, NULL, NULL, NULL, 26, 0, NULL, NULL, NULL, 0, NULL, NULL, 'ENABLED', '2018-10-01 21:03:28', '2018-10-01 21:03:28'),
(22, 'Daphe', 'Farfan', 'dFarfan', 'dfarfan@herbalife.com', '35bb6b2292c543a3bea479606e6755a9034aca3fd0a3be02180890ad5ea673a334dec82fec386880b7010ace74e4957d9bbf6e7c0e9182648896a5fd994f10a4', '0000-00-00', '1', 1, NULL, NULL, NULL, NULL, '123', 19, 20, 1, 3, 2, 6, 0, '1', '1', '0', 0, '123123', NULL, 'ENABLED', '2019-06-26 00:14:10', '2019-01-14 21:31:30'),
(23, 'magali', 'Peralta', NULL, '', 'c7f8de33a576703e8990cce58d023adcc1949bdccf956a0da0e52b4f93062c187367d8df28adf754827da89825e93ebd7c75eddfea28d742d0df4d192d4dc223', NULL, '1', NULL, NULL, NULL, NULL, NULL, NULL, NULL, NULL, 1, NULL, NULL, NULL, 0, NULL, NULL, NULL, 0, NULL, NULL, 'ENABLED', '2019-06-26 00:16:05', '2019-06-26 00:16:05'),
(24, 'magali', 'Peralta', NULL, '', 'c7f8de33a576703e8990cce58d023adcc1949bdccf956a0da0e52b4f93062c187367d8df28adf754827da89825e93ebd7c75eddfea28d742d0df4d192d4dc223', NULL, '1', NULL, NULL, NULL, NULL, NULL, NULL, NULL, NULL, 1, NULL, NULL, NULL, 0, NULL, NULL, NULL, 0, NULL, NULL, 'ENABLED', '2019-06-26 00:16:06', '2019-06-26 00:16:06'),
(25, NULL, NULL, NULL, 'isa@gmail.com', 'a49d01c0c6b7d00022aa1fd26e96d7dafcfcd4e42373c178e76203524f9021767e7b6eca7987a68f3aa132e0453e2fe6d51315d7e170a75c65ae81a49e37bdf2', NULL, NULL, NULL, NULL, NULL, NULL, NULL, NULL, NULL, NULL, NULL, NULL, NULL, 7, NULL, NULL, NULL, NULL, 0, NULL, NULL, 'ENABLED', '2019-08-13 12:38:17', '2019-08-13 12:38:17'),
(26, 'isabel', 'salazar', NULL, '', 'c7f8de33a576703e8990cce58d023adcc1949bdccf956a0da0e52b4f93062c187367d8df28adf754827da89825e93ebd7c75eddfea28d742d0df4d192d4dc223', NULL, '1', NULL, NULL, NULL, NULL, NULL, NULL, NULL, NULL, 1, NULL, NULL, NULL, 0, NULL, NULL, NULL, 0, NULL, NULL, 'ENABLED', '2019-08-13 15:31:28', '2019-08-13 15:31:28'),
(27, 'Angel', 'Hurtado', NULL, '', 'c7f8de33a576703e8990cce58d023adcc1949bdccf956a0da0e52b4f93062c187367d8df28adf754827da89825e93ebd7c75eddfea28d742d0df4d192d4dc223', NULL, '0', NULL, NULL, NULL, NULL, NULL, NULL, NULL, NULL, 1, NULL, NULL, NULL, 0, NULL, NULL, NULL, 0, NULL, NULL, 'ENABLED', '2019-08-14 21:33:33', '2019-08-14 21:33:33'),
(28, 'Favio', 'vera', NULL, '', 'c7f8de33a576703e8990cce58d023adcc1949bdccf956a0da0e52b4f93062c187367d8df28adf754827da89825e93ebd7c75eddfea28d742d0df4d192d4dc223', NULL, '0', NULL, NULL, NULL, NULL, NULL, NULL, NULL, NULL, 1, NULL, NULL, NULL, 0, NULL, NULL, NULL, 0, NULL, NULL, 'ENABLED', '2019-08-14 22:02:40', '2019-08-14 22:02:40'),
(29, 'Fernando', 'Vargas', NULL, '', 'c7f8de33a576703e8990cce58d023adcc1949bdccf956a0da0e52b4f93062c187367d8df28adf754827da89825e93ebd7c75eddfea28d742d0df4d192d4dc223', NULL, '0', NULL, NULL, NULL, NULL, NULL, NULL, NULL, NULL, 1, NULL, NULL, NULL, 0, NULL, NULL, NULL, 0, NULL, NULL, 'ENABLED', '2019-08-14 22:03:06', '2019-08-14 22:03:06');

-- --------------------------------------------------------

--
-- Estructura de tabla para la tabla `hbf_clubs`
--

CREATE TABLE `hbf_clubs` (
  `id_club` int(10) UNSIGNED NOT NULL,
  `nombre` varchar(100) NOT NULL,
  `email` varchar(100) NOT NULL,
  `direccion` varchar(200) NOT NULL,
  `licencia` varchar(100) NOT NULL,
  `direccion_gps` varchar(100) NOT NULL COMMENT '{"validate":0,"input":"hidden"}',
  `ids_miembros` varchar(500) DEFAULT NULL COMMENT '{"label":"Agregar Miembros","input":"button","subTable":"hbf_usuarios","subview":"edit-ini",\n"action":"edit","onclick":"oModal.open(this)","content":"Haz click para agregar nuevos miembros","validate":0}',
  `ids_turnos` varchar(500) DEFAULT NULL COMMENT '{"label":"Agregar Turnos","input":"button","subTable":"hbf_turnos","action":"edit","onclick":"oModal.open(this)","content":"Haz click para agregar nuevos turnos","validate":0}',
  `estado` varchar(15) NOT NULL DEFAULT 'ENABLED',
  `change_count` int(11) NOT NULL DEFAULT '0',
  `id_user_modified` int(11) UNSIGNED NOT NULL COMMENT '{"selectBy":["nombre","apellido"],"input":"multiselect","label":"Ususario que modifico"}',
  `id_user_created` int(11) UNSIGNED NOT NULL COMMENT '{"selectBy":["nombre","apellido"],"input":"multiselect","label":"Ususario que creo"}',
  `date_modified` datetime NOT NULL,
  `date_created` datetime NOT NULL
) ENGINE=InnoDB DEFAULT CHARSET=utf8;

--
-- Volcado de datos para la tabla `hbf_clubs`
--

INSERT INTO `hbf_clubs` (`id_club`, `nombre`, `email`, `direccion`, `licencia`, `direccion_gps`, `ids_miembros`, `ids_turnos`, `estado`, `change_count`, `id_user_modified`, `id_user_created`, `date_modified`, `date_created`) VALUES
(1, 'Club Socabaya', 'fernando@herbalife.com', 'C. Socabaya', '1232323', '', NULL, NULL, 'ENABLED', 0, 1, 1, '2018-06-15 19:57:25', '2018-06-15 19:57:25'),
(2, 'Club Nutricion', 'magali@gmail.com', 'villa fatima', '123123123', '', NULL, NULL, 'ENABLED', 0, 1, 1, '2018-10-12 19:33:45', '2018-10-12 19:33:45'),
(3, 'Club Herbalife', 'carla@ gmail.com', 'camacho', '123123124', '', NULL, NULL, 'ENABLED', 0, 1, 1, '2018-10-12 19:35:25', '2018-10-12 19:34:43'),
(4, 'club Choco Menta', 'irma@gmail.com', 'murillo', '12456733', '', NULL, NULL, 'ENABLED', 0, 1, 1, '2018-10-12 19:42:52', '2018-10-12 19:42:52'),
(5, 'Club Herbalife Nutricion', 'David@gmail.com', 'calle Santa cruz', '56743524', '', NULL, NULL, 'ENABLED', 0, 1, 1, '2018-10-12 19:44:02', '2018-10-12 19:44:02'),
(6, 'Club Aloe Nutricion', 'magalivera@gmail.com', 'Plaza Murillo', '76538909', '', NULL, NULL, 'ENABLED', 0, 1, 1, '2018-10-29 19:06:47', '2018-10-29 19:06:47'),
(7, 'Club de Daphne Farfan', 'clubfarfan@herbalife.com', 'C. Indaburo', '456789', '', NULL, NULL, 'ENABLED', 0, 1, 1, '2019-01-14 20:13:26', '2019-01-14 20:11:40');

-- --------------------------------------------------------

--
-- Estructura de tabla para la tabla `hbf_comandas`
--

CREATE TABLE `hbf_comandas` (
  `id_comanda` int(10) UNSIGNED NOT NULL,
  `id_club` int(10) UNSIGNED NOT NULL COMMENT '{"label":"Nombre del Club","input":"select","selectBy":"nombre"}',
  `id_turno` int(10) UNSIGNED NOT NULL COMMENT '{"label":"Turno de","input":"select","selectBy":["id_asociado","descripcion"]}',
  `id_sesion` int(11) UNSIGNED NOT NULL COMMENT '{"label":"Sesion de","input":"select","selectBy":"id_asociado"}',
  `id_cliente` int(10) UNSIGNED NOT NULL COMMENT '{"label":"Nombre del Cliente","input":"default","selectBy":["nombre","apellido"],"button":{"content":"Nuevo Cliente","action":"edit","subTable":"ci_usuarios","subView":"draft","onclick":"oModal.open(this)"}}',
  `ids_vasos` varchar(250) DEFAULT NULL COMMENT '{"label":"Agregar Vasos","input":"button","subTable":"hbf_vasos","action":"edit","onclick":"oCrud.save(this,oModal.open)","content":"Haz click para agregar vasos","validate":0}',
  `importe` decimal(10,0) DEFAULT NULL COMMENT '{"validate":0}',
  `a_cuenta` decimal(10,0) DEFAULT NULL COMMENT '{"validate":0}',
  `saldo` decimal(10,0) DEFAULT NULL COMMENT '{"validate":0}',
  `prioridad` varchar(500) DEFAULT NULL COMMENT '{"label":"Prioridad","input":"radios","options":["programada","normal","rapida"],"validate":0}',
  `hora_entrega` time DEFAULT NULL COMMENT '{"validate":0}',
  `tipo_consumo` varchar(500) DEFAULT NULL COMMENT '{"label":"Tipo de Consumo","input":"select","options":["Socio","Estudiante"]}',
  `comentarios` text COMMENT '{"validate":0}',
  `id_ficha_prepago` int(10) UNSIGNED DEFAULT NULL COMMENT '{"label":"Ficha Prepago","input":"select","selectBy":"id_cliente","validate":0}',
  `pagado` varchar(10) DEFAULT NULL COMMENT '{"label":"Estado de la comanda","input":"radios","options":["debe","pagado"],"validate":0}',
  `estado` varchar(15) NOT NULL DEFAULT 'ENABLED',
  `change_count` int(11) NOT NULL DEFAULT '0',
  `id_user_modified` int(11) UNSIGNED NOT NULL,
  `id_user_created` int(11) UNSIGNED NOT NULL,
  `date_modified` datetime NOT NULL,
  `date_created` datetime NOT NULL
) ENGINE=InnoDB DEFAULT CHARSET=utf8;

--
-- Volcado de datos para la tabla `hbf_comandas`
--

INSERT INTO `hbf_comandas` (`id_comanda`, `id_club`, `id_turno`, `id_sesion`, `id_cliente`, `ids_vasos`, `importe`, `a_cuenta`, `saldo`, `prioridad`, `hora_entrega`, `tipo_consumo`, `comentarios`, `id_ficha_prepago`, `pagado`, `estado`, `change_count`, `id_user_modified`, `id_user_created`, `date_modified`, `date_created`) VALUES
(1, 1, 3, 1, 22, NULL, '0', '0', '0', '0', '00:00:00', '0', '', NULL, '0', 'ENABLED', 0, 1, 1, '2019-03-19 18:26:14', '2019-03-19 18:26:14'),
(2, 1, 3, 2, 20, NULL, '0', '0', '0', '0', '00:00:00', '0', '', NULL, '0', 'ENABLED', 0, 1, 1, '2019-03-19 18:34:33', '2019-03-19 18:34:33'),
(6, 1, 3, 1, 24, NULL, '0', '0', '0', '0', '00:00:00', '0', '', NULL, '0', 'ENABLED', 0, 1, 1, '2019-08-13 00:19:40', '2019-08-09 17:07:42'),
(7, 5, 3, 2, 20, NULL, '0', '0', '0', '0', '00:00:00', '0', '', NULL, '0', 'ENABLED', 0, 1, 1, '2019-08-13 15:27:35', '2019-08-13 15:27:35'),
(8, 1, 3, 1, 26, NULL, '0', '0', '0', '0', '00:00:00', '0', '', NULL, '0', 'ENABLED', 0, 1, 1, '2019-08-13 15:31:35', '2019-08-13 15:31:35'),
(9, 3, 3, 1, 26, NULL, '0', '0', '0', '0', '00:00:00', '0', '', NULL, '0', 'ENABLED', 0, 1, 1, '2019-08-13 19:05:43', '2019-08-13 19:05:43'),
(18, 1, 3, 1, 29, NULL, '0', '0', '0', '0', '00:00:00', '0', '', NULL, '0', 'ENABLED', 0, 1, 1, '2019-08-14 22:03:56', '2019-08-14 21:31:46'),
(19, 1, 3, 1, 27, NULL, '0', '0', '0', '0', '00:00:00', '0', '', NULL, '0', 'ENABLED', 0, 1, 1, '2019-08-14 21:33:43', '2019-08-14 21:33:43'),
(20, 1, 3, 1, 27, NULL, '2', '0', '0', '0', '00:00:00', '0', '', NULL, '0', 'ENABLED', 0, 1, 1, '2019-08-14 21:35:07', '2019-08-14 21:35:07'),
(22, 1, 3, 1, 28, NULL, '0', '0', '0', '0', '00:00:00', '0', '', NULL, '0', 'ENABLED', 0, 1, 1, '2019-08-14 22:12:29', '2019-08-14 22:12:29'),
(23, 1, 3, 1, 28, NULL, '20', '10', '10', '0', '00:00:04', '1', '', NULL, '0', 'ENABLED', 0, 1, 1, '2019-08-14 22:14:02', '2019-08-14 22:14:02'),
(24, 1, 3, 1, 28, NULL, '20', '10', '10', '0', '00:00:04', '1', '', NULL, '1', 'ENABLED', 0, 1, 1, '2019-08-14 22:14:23', '2019-08-14 22:14:23');

-- --------------------------------------------------------

--
-- Estructura de tabla para la tabla `hbf_detalles_pedidos`
--

CREATE TABLE `hbf_detalles_pedidos` (
  `id_detalle_pedido` int(10) UNSIGNED NOT NULL,
  `id_comanda` int(11) UNSIGNED DEFAULT NULL COMMENT '{"label":"Comanda del Cliente","input":"select","selectBy":["id_cliente"]}',
  `id_vaso` int(10) UNSIGNED NOT NULL COMMENT '{"label":"Vaso del Cliente","input":"select","selectBy":["id_comanda"]}',
  `id_producto` int(10) UNSIGNED NOT NULL COMMENT '{"label":"Producto","input":"checkbox","selectBy":["nombre","foto_producto",["id_option_tipo_producto"]],"divider":"|","insertEachOne":true}',
  `cantidad` int(11) DEFAULT NULL,
  `estado` varchar(15) NOT NULL DEFAULT 'ENABLED',
  `change_count` int(11) NOT NULL DEFAULT '0',
  `id_user_modified` int(11) UNSIGNED NOT NULL,
  `id_user_created` int(11) UNSIGNED NOT NULL,
  `date_modified` datetime NOT NULL,
  `date_created` datetime NOT NULL
) ENGINE=InnoDB DEFAULT CHARSET=utf8 COMMENT='{"title":"Detalles de Pedidos"}';

--
-- Volcado de datos para la tabla `hbf_detalles_pedidos`
--

INSERT INTO `hbf_detalles_pedidos` (`id_detalle_pedido`, `id_comanda`, `id_vaso`, `id_producto`, `cantidad`, `estado`, `change_count`, `id_user_modified`, `id_user_created`, `date_modified`, `date_created`) VALUES
(3, 7, 4, 9, 2, 'ENABLED', 0, 1, 1, '2019-08-13 15:28:16', '2019-08-13 15:28:16'),
(6, 8, 5, 9, 3, 'ENABLED', 0, 1, 1, '2019-08-13 15:32:18', '2019-08-13 15:32:18'),
(9, 19, 7, 14, 2, 'ENABLED', 0, 1, 1, '2019-08-14 21:34:35', '2019-08-14 21:34:35'),
(13, 22, 10, 12, 4, 'ENABLED', 0, 1, 1, '2019-08-14 22:12:59', '2019-08-14 22:12:59');

-- --------------------------------------------------------

--
-- Estructura de tabla para la tabla `hbf_egresos`
--

CREATE TABLE `hbf_egresos` (
  `id_egreso` int(10) UNSIGNED NOT NULL,
  `id_club` int(10) UNSIGNED DEFAULT NULL COMMENT '{"label":"Club de","input":"select","selectBy":["nombre"]}',
  `id_turno` int(10) UNSIGNED DEFAULT NULL COMMENT '{"label":"Turno de","input":"select","selectBy":["id_asociado"]}',
  `id_sesion` int(10) UNSIGNED DEFAULT NULL COMMENT '{"label":"Sesion de","input":"select","selectBy":["id_asociado"]}',
  `id_cliente` int(10) UNSIGNED DEFAULT NULL COMMENT '{"label":"Cliente","input":"default","selectBy":["nombre"],"validate":0}',
  `detalle` varchar(500) DEFAULT NULL,
  `tipo_egreso` varchar(10) DEFAULT NULL COMMENT '{"label":"Tipo de Egreso","input":"select","options":["Gastos","Costos"]}',
  `fecha_egreso` date DEFAULT NULL,
  `monto` decimal(10,0) DEFAULT NULL,
  `estado` varchar(15) NOT NULL DEFAULT 'ENABLED',
  `change_count` int(11) NOT NULL DEFAULT '0',
  `id_user_modified` int(11) UNSIGNED NOT NULL,
  `id_user_created` int(11) UNSIGNED NOT NULL,
  `date_modified` datetime NOT NULL,
  `date_created` datetime NOT NULL
) ENGINE=InnoDB DEFAULT CHARSET=latin1;

--
-- Volcado de datos para la tabla `hbf_egresos`
--

INSERT INTO `hbf_egresos` (`id_egreso`, `id_club`, `id_turno`, `id_sesion`, `id_cliente`, `detalle`, `tipo_egreso`, `fecha_egreso`, `monto`, `estado`, `change_count`, `id_user_modified`, `id_user_created`, `date_modified`, `date_created`) VALUES
(1, 1, 3, 1, 20, 'cremoso', '0', '0000-00-00', '4', 'ENABLED', 0, 1, 1, '2019-08-13 19:12:44', '2018-09-18 13:16:41');

-- --------------------------------------------------------

--
-- Estructura de tabla para la tabla `hbf_ingresos`
--

CREATE TABLE `hbf_ingresos` (
  `id_ingreso` int(11) UNSIGNED NOT NULL,
  `id_cliente` int(11) UNSIGNED DEFAULT NULL COMMENT '{"label":"Nombre del Cliente","input":"default","selectBy":["nombre","apellido"]}',
  `id_comanda` int(11) UNSIGNED DEFAULT NULL COMMENT '{"label":"Comanda","input":"dropdown","selectBy":["id_cliente"]}',
  `id_prepago` int(10) UNSIGNED DEFAULT NULL COMMENT '{"label":"Prepago","input":"dropdown","selectBy":["id_cliente"]}',
  `id_producto` int(11) UNSIGNED DEFAULT NULL COMMENT '{"label":"Producto","input":"dropdown","selectBy":["nombre","descripcion"]}',
  `estado` varchar(15) DEFAULT 'ENABLED',
  `change_count` int(11) NOT NULL DEFAULT '0',
  `id_user_modified` int(10) UNSIGNED NOT NULL,
  `id_user_created` int(10) UNSIGNED NOT NULL,
  `date_modified` datetime NOT NULL,
  `date_created` datetime NOT NULL
) ENGINE=InnoDB DEFAULT CHARSET=latin1;

-- --------------------------------------------------------

--
-- Estructura de tabla para la tabla `hbf_porciones`
--

CREATE TABLE `hbf_porciones` (
  `id_porcion` int(10) UNSIGNED NOT NULL,
  `id_producto` int(10) UNSIGNED DEFAULT NULL COMMENT '{"label":"Productos","input":"checkbox","selectBy":["nombre","foto_producto"],"divider":"|","insertEachOne":true}',
  `cantidad` int(11) DEFAULT NULL,
  `estado` varchar(15) NOT NULL DEFAULT 'ENABLED',
  `change_count` int(11) NOT NULL DEFAULT '0',
  `id_user_modified` int(11) UNSIGNED NOT NULL,
  `id_user_created` int(11) UNSIGNED NOT NULL,
  `date_modified` datetime NOT NULL,
  `date_created` datetime NOT NULL
) ENGINE=InnoDB DEFAULT CHARSET=latin1;

-- --------------------------------------------------------

--
-- Estructura de tabla para la tabla `hbf_prepagos`
--

CREATE TABLE `hbf_prepagos` (
  `id_prepago` int(11) UNSIGNED NOT NULL,
  `id_cliente` int(10) UNSIGNED DEFAULT NULL COMMENT '{"label":"Cliente","input":"dropdown","selectBy":["nombre","apellido"]}',
  `id_turno` int(10) UNSIGNED DEFAULT NULL COMMENT '{"label":"Turno de","input":"select","selectBy":["id_asociado"]}',
  `id_sesion` int(10) UNSIGNED NOT NULL COMMENT '{"label":"Sesion de","input":"select","selectBy":["id_asociado"]}',
  `fichas_total` int(11) DEFAULT NULL,
  `fichas_usadas` int(11) DEFAULT NULL,
  `fichas_gratis` int(11) DEFAULT NULL,
  `fichas_restantes` int(11) DEFAULT NULL,
  `id_option_tipo_prepago` int(10) UNSIGNED DEFAULT NULL COMMENT '{"label":"Tipo de Prepago","input":"select","selectBy":["id_setting"],"filterBy":{"id_setting":5,"0":"nombre"}}',
  `a_cuenta` decimal(10,0) DEFAULT NULL,
  `saldo` decimal(10,0) DEFAULT NULL,
  `importe` decimal(10,0) DEFAULT NULL,
  `pagado` varchar(50) DEFAULT 'NO' COMMENT '{"options":["SI","NO"],"input":"radios"}',
  `finalizado` varchar(50) DEFAULT 'NO' COMMENT '{"options":["SI","NO"],"input":"radios"}',
  `observaciones` int(11) DEFAULT NULL,
  `estado` varchar(15) NOT NULL DEFAULT 'ENABLED',
  `change_count` int(11) NOT NULL DEFAULT '0',
  `id_user_created` int(11) UNSIGNED NOT NULL,
  `id_user_modified` int(11) UNSIGNED NOT NULL,
  `date_modified` datetime DEFAULT NULL,
  `date_created` datetime NOT NULL
) ENGINE=InnoDB DEFAULT CHARSET=latin1;

-- --------------------------------------------------------

--
-- Estructura de tabla para la tabla `hbf_productos`
--

CREATE TABLE `hbf_productos` (
  `id_producto` int(10) UNSIGNED NOT NULL,
  `nombre` varchar(100) NOT NULL,
  `descripcion` text NOT NULL COMMENT '{"validate":0}',
  `id_option_tipo_producto` int(10) UNSIGNED NOT NULL COMMENT '{"label":"Tipos de Productos","input":"dropdown","selectBy":["id_setting"],"filterBy":{"id_setting":6,"0":"nombre"}}',
  `id_option_categoria_producto` int(10) UNSIGNED NOT NULL COMMENT '{"label":"Categorias de Productos","input":"dropdown","selectBy":["id_setting"],"filterBy":{"id_setting":7,"0":"nombre"}}',
  `foto_producto` varchar(500) DEFAULT NULL COMMENT '{"label":"Imagen del producto","input":"image", "validate":0}',
  `precio_venta` decimal(10,0) DEFAULT NULL COMMENT '{"label":"Precio de ventra"}',
  `precio_porcion` decimal(10,0) DEFAULT NULL COMMENT '{"label":"Precio de una porcion"}',
  `precio_compra` decimal(10,0) DEFAULT NULL COMMENT '{"label":"Precio de Compra"}',
  `num_porciones` int(11) DEFAULT '0' COMMENT '{"label":"Numero de Porciones"}',
  `estado` varchar(15) NOT NULL DEFAULT 'ENABLED',
  `change_count` int(11) NOT NULL DEFAULT '0',
  `id_user_modified` int(11) UNSIGNED NOT NULL,
  `id_user_created` int(11) UNSIGNED NOT NULL,
  `date_modified` datetime DEFAULT NULL,
  `date_created` datetime DEFAULT NULL
) ENGINE=InnoDB DEFAULT CHARSET=utf8;

--
-- Volcado de datos para la tabla `hbf_productos`
--

INSERT INTO `hbf_productos` (`id_producto`, `nombre`, `descripcion`, `id_option_tipo_producto`, `id_option_categoria_producto`, `foto_producto`, `precio_venta`, `precio_porcion`, `precio_compra`, `num_porciones`, `estado`, `change_count`, `id_user_modified`, `id_user_created`, `date_modified`, `date_created`) VALUES
(9, 'Batido de Chocolate', '<p><p><p><p>Batido sabor Chocolate</p></p></p></p>', 14, 13, 'Batido_Herbalife_Fórmula_1_Chocolate_bote_550g.PNG', '200', '4', '180', 120, 'ENABLED', 0, 1, 1, '2018-06-21 23:59:55', '2018-06-21 22:31:18'),
(10, 'Batido de Fresa', '<p>Batido sabor fresa</p>', 14, 11, 'Batido_Herbalife_Fórmula_1_Fresa_bote_550g.PNG', '200', '4', '180', 120, 'ENABLED', 0, 1, 1, '2018-06-21 22:33:09', '2018-06-21 22:33:09'),
(11, 'Batido de Vainilla', '<p>Batido sabor vainilla</p>', 14, 11, 'Batido_Herbalife_Fórmula_1_Sin_Vainilla_bote_550_gr.PNG', '200', '4', '180', 120, 'ENABLED', 0, 1, 1, '2018-06-21 22:34:13', '2018-06-21 22:34:13'),
(12, 'Te Frambuesa', '<p>Te NRG sabor Frambuesa</p>', 15, 11, 'te_frambuesa.jpg', '150', '1', '130', 120, 'ENABLED', 0, 1, 1, '2018-06-21 22:35:21', '2018-06-21 22:35:21'),
(13, 'Te Durazno', '<p>Te NRG sabor Durazno</p>', 15, 11, 'te-durazno-50-gr.PNG', '150', '1', '130', 120, 'ENABLED', 0, 1, 1, '2018-06-21 22:36:30', '2018-06-21 22:36:30'),
(14, 'Aloe Mandarina', '<p><p>Aloe sabor Mandarina</p></p>', 16, 11, '', '130', '1', '110', 30, 'ENABLED', 0, 1, 1, '2018-10-12 19:45:35', '2018-06-21 22:37:49'),
(15, 'Aloe Mango', '<p>Aloe sabor Mango</p>', 16, 11, 'aloe_mango.jpg', '130', '1', '100', 120, 'ENABLED', 0, 1, 1, '2018-06-21 22:38:28', '2018-06-21 22:38:28');

-- --------------------------------------------------------

--
-- Estructura de tabla para la tabla `hbf_sesiones`
--

CREATE TABLE `hbf_sesiones` (
  `id_sesion` int(11) UNSIGNED NOT NULL,
  `id_club` int(11) UNSIGNED NOT NULL COMMENT '{"label":"Nombre del club","input":"select","selectBy":"nombre"}',
  `id_turno` int(11) UNSIGNED NOT NULL COMMENT '{"label":"Turno de","input":"default","selectBy":"id_asociado"}',
  `id_asociado` int(11) UNSIGNED NOT NULL COMMENT '{"label":"Sesion a cargo de","input":"default","selectBy":["nombre","apellido"]}',
  `detalle` varchar(400) DEFAULT '',
  `caja_inicial` decimal(10,0) DEFAULT NULL COMMENT '{"label":"Monto inicial en caja"}',
  `caja_final` decimal(10,0) DEFAULT NULL COMMENT '{"label":"Monto final en caja"}',
  `total` decimal(10,0) DEFAULT NULL COMMENT '{"label":"Monto total en caja"}',
  `num_consumos` decimal(10,0) DEFAULT NULL COMMENT '{"label":"Cantidad de consumos del dia"}',
  `total_ingresos` decimal(10,0) DEFAULT NULL COMMENT '{"label":"Total ingresos"}',
  `total_egresos` decimal(10,0) DEFAULT NULL COMMENT '{"label":"Total egresos"}',
  `total_deben` decimal(10,0) DEFAULT NULL COMMENT '{"label":"Total deudas de clientes"}',
  `total_sobra` decimal(10,0) DEFAULT NULL COMMENT '{"label":"Total dinero sobrante"}',
  `total_falta` decimal(10,0) DEFAULT NULL COMMENT '{"label":"Total dinero faltante"}',
  `sobre_rojo` decimal(10,0) DEFAULT NULL COMMENT '{"label":"Dinero al sobre rojo"}',
  `sobre_verde` decimal(10,0) DEFAULT NULL COMMENT '{"label":"Dinero al sobre verde"}',
  `deposito` decimal(10,0) DEFAULT NULL COMMENT '{"label":"Dinero depositado"}',
  `cerrado` varchar(10) DEFAULT NULL COMMENT '{"label":"Estado de la sesion","input":"radios","options":["cerrado","abierto"]}',
  `observaciones` varchar(400) DEFAULT '',
  `fec_sesion` datetime DEFAULT NULL,
  `id_opcion_sesion` int(10) UNSIGNED DEFAULT NULL COMMENT '{"label":"Sesion con","input":"select","selectBy":["id_setting"],"filterBy":{"id_setting":9,"0":"nombre"}}',
  `estado` varchar(15) NOT NULL DEFAULT 'ENABLED',
  `change_count` int(11) NOT NULL DEFAULT '0',
  `id_user_modified` int(11) UNSIGNED NOT NULL,
  `id_user_created` int(11) UNSIGNED NOT NULL,
  `date_modified` datetime NOT NULL,
  `date_created` datetime NOT NULL
) ENGINE=InnoDB DEFAULT CHARSET=utf8 COMMENT='{"id_opcion_sesion":{"edit-ini":["fec_sesion","caja_inicial"]}}';

--
-- Volcado de datos para la tabla `hbf_sesiones`
--

INSERT INTO `hbf_sesiones` (`id_sesion`, `id_club`, `id_turno`, `id_asociado`, `detalle`, `caja_inicial`, `caja_final`, `total`, `num_consumos`, `total_ingresos`, `total_egresos`, `total_deben`, `total_sobra`, `total_falta`, `sobre_rojo`, `sobre_verde`, `deposito`, `cerrado`, `observaciones`, `fec_sesion`, `id_opcion_sesion`, `estado`, `change_count`, `id_user_modified`, `id_user_created`, `date_modified`, `date_created`) VALUES
(1, 5, 7, 29, 'Sesion del dia', '10', '100', '110', '30', '100', '5', '30', '70', '30', '2', '4', '100', '0', 'ninguna', '2018-06-08 00:00:00', 18, 'ENABLED', 0, 1, 1, '2019-08-15 13:35:49', '2018-06-21 23:41:41'),
(2, 2, 3, 18, 'cremoso', '6', '11', '4', '4', '3', '5', '3', '6', '3', '2', '4', '6', '1', 'bla', '0000-00-00 00:00:00', 18, 'ENABLED', 0, 1, 1, '2018-10-12 19:54:20', '2018-10-12 19:54:20');

-- --------------------------------------------------------

--
-- Estructura de tabla para la tabla `hbf_turnos`
--

CREATE TABLE `hbf_turnos` (
  `id_turno` int(10) UNSIGNED NOT NULL,
  `id_club` int(10) UNSIGNED NOT NULL COMMENT '{"label":"Nombre del Club","input":"dropdown","selectBy":"nombre"}',
  `id_asociado` int(10) UNSIGNED NOT NULL COMMENT '{"label":"Asociado a cargo","input":"dropdown","selectBy":["nombre","apellido"]}',
  `descripcion` text COMMENT '{"validate":0}',
  `fec_inicio` date NOT NULL COMMENT '{"label":"Fecha de Inicio","validate":0}',
  `fec_fin` date DEFAULT NULL COMMENT '{"label":"Fecha de Cierre","validate":0}',
  `horario_desde` time NOT NULL COMMENT '{"label":"hora de inicio","validate":0}',
  `horario_hasta` time NOT NULL COMMENT '{"label":"Hora de Cierre","validate":0}',
  `total_consumos` int(11) NOT NULL DEFAULT '0' COMMENT '{"label":"Total de consumos","validate":0}',
  `id_opcion_turnos` int(10) UNSIGNED DEFAULT NULL COMMENT '{"label":"Turno con","input":"select","selectBy":["id_setting"],"filterBy":{"id_setting":10,"0":"nombre"}}',
  `change_count` int(11) NOT NULL DEFAULT '0',
  `estado` varchar(15) NOT NULL DEFAULT 'ENABLED',
  `id_user_modified` int(11) UNSIGNED NOT NULL,
  `id_user_created` int(11) UNSIGNED NOT NULL,
  `date_modified` datetime NOT NULL,
  `date_created` datetime NOT NULL
) ENGINE=InnoDB DEFAULT CHARSET=utf8 COMMENT='{"id_opcion_turnos":{"edit-ini":["fec_inicio"]}}';

--
-- Volcado de datos para la tabla `hbf_turnos`
--

INSERT INTO `hbf_turnos` (`id_turno`, `id_club`, `id_asociado`, `descripcion`, `fec_inicio`, `fec_fin`, `horario_desde`, `horario_hasta`, `total_consumos`, `id_opcion_turnos`, `change_count`, `estado`, `id_user_modified`, `id_user_created`, `date_modified`, `date_created`) VALUES
(3, 1, 1, '<p>Turno de la noche</p>', '2018-06-15', '2018-06-30', '08:00:00', '22:00:00', 0, NULL, 0, 'ENABLED', 1, 1, '2018-06-15 20:02:02', '2018-06-15 20:02:02'),
(6, 6, 29, '<p>turno mañana </p>', '0000-00-00', '0000-00-00', '08:00:00', '11:00:00', 10, 17, 0, 'ENABLED', 1, 1, '2019-08-15 13:29:57', '2019-08-15 13:29:57'),
(7, 5, 27, '<p>turno tarde </p>', '0000-00-00', '0000-00-00', '12:00:00', '18:00:00', 90, 17, 0, 'ENABLED', 1, 1, '2019-08-15 13:31:26', '2019-08-15 13:31:26');

-- --------------------------------------------------------

--
-- Estructura de tabla para la tabla `hbf_vasos`
--

CREATE TABLE `hbf_vasos` (
  `id_vaso` int(10) UNSIGNED NOT NULL,
  `id_comanda` int(10) UNSIGNED DEFAULT NULL COMMENT '{"label":"Comanda del Cliente","input":"select","selectBy":["id_cliente"]}',
  `nivel` int(11) DEFAULT NULL COMMENT '{"label":"Nivel del vaso (0% - 100%)"}',
  `temperatura` varchar(250) DEFAULT NULL COMMENT '{"label":"Temperatura","options":["Frio","Tibio","Caliente"],"input":"radios"}',
  `consistencia` varchar(250) DEFAULT NULL COMMENT '{"label":"Consistencia","options":["Cremoso","Al jugo"],"input":"radios"}',
  `id_opcion_tipo_producto` int(10) UNSIGNED DEFAULT NULL COMMENT '{"label":"Tipos de Productos","input":"radios","selectBy":["id_setting"],"filterBy":{"id_setting":6,"0":"nombre"},\n"subTable":"hbf_detalles_pedidos","action":"edit","onclick":"oModal.open(this)"}',
  `num_productos` int(11) DEFAULT '0' COMMENT '{"label":"Numero de Productos","validate":0,"data":{"step":1}}',
  `detalle` varchar(500) DEFAULT NULL COMMENT '{"validate":0}',
  `estado` varchar(15) NOT NULL DEFAULT 'ENABLED',
  `change_count` int(11) NOT NULL DEFAULT '0',
  `id_user_modified` int(11) UNSIGNED NOT NULL,
  `id_user_created` int(11) UNSIGNED NOT NULL,
  `date_modified` datetime NOT NULL,
  `date_created` datetime NOT NULL
) ENGINE=InnoDB DEFAULT CHARSET=utf8;

--
-- Volcado de datos para la tabla `hbf_vasos`
--

INSERT INTO `hbf_vasos` (`id_vaso`, `id_comanda`, `nivel`, `temperatura`, `consistencia`, `id_opcion_tipo_producto`, `num_productos`, `detalle`, `estado`, `change_count`, `id_user_modified`, `id_user_created`, `date_modified`, `date_created`) VALUES
(1, 1, 75, '0', '0', 14, 3, 'cremoso', 'ENABLED', 0, 1, 1, '2019-03-19 18:28:29', '2019-03-19 18:28:29'),
(2, 2, 75, '1', '1', 14, 1, 'cremoso', 'ENABLED', 0, 1, 1, '2019-06-07 21:43:11', '2019-06-07 21:43:11'),
(3, 6, 100, '0', '0', 14, 2, '', 'ENABLED', 0, 1, 1, '2019-08-13 00:20:22', '2019-08-13 00:20:22'),
(4, 7, 75, '1', '0', 14, 3, 'cremoso', 'ENABLED', 0, 1, 1, '2019-08-13 15:28:15', '2019-08-13 15:28:15'),
(5, 8, 100, '1', '0', 14, 5, 'cremoso', 'ENABLED', 0, 1, 1, '2019-08-13 15:32:16', '2019-08-13 15:32:16'),
(6, 9, 100, '1', '0', 14, 3, 'cremoso', 'ENABLED', 0, 1, 1, '2019-08-13 19:06:48', '2019-08-13 19:06:48'),
(7, 19, 100, '1', '1', 16, 2, '', 'ENABLED', 0, 1, 1, '2019-08-14 21:34:34', '2019-08-14 21:34:34'),
(8, 20, 50, '2', '0', 14, 1, 'cremoso', 'ENABLED', 0, 1, 1, '2019-08-14 21:52:53', '2019-08-14 21:52:53'),
(9, 18, 75, '1', '1', 14, 5, 'uguylt', 'ENABLED', 0, 1, 1, '2019-08-14 22:04:59', '2019-08-14 22:04:59'),
(10, 22, 50, '2', '1', 15, 1, '', 'ENABLED', 0, 1, 1, '2019-08-14 22:12:58', '2019-08-14 22:12:58');

-- --------------------------------------------------------

--
-- Estructura de tabla para la tabla `hbf_ventas`
--

CREATE TABLE `hbf_ventas` (
  `id_venta` int(10) UNSIGNED NOT NULL,
  `id_club` int(10) UNSIGNED DEFAULT NULL COMMENT '{"label":"Club","input":"select","selectBy":["nombre"]}',
  `id_turno` int(10) UNSIGNED DEFAULT NULL COMMENT '{"label":"Turno de","input":"select","selectBy":["id_asociado"]}',
  `id_sesion` int(10) UNSIGNED DEFAULT NULL COMMENT '{"label":"Sesion de","input":"select","selectBy":["id_asociado"]}',
  `id_cliente` int(10) UNSIGNED DEFAULT NULL COMMENT '{"label":"Cliente","input":"select","selectBy":["nombre","apellido"]}',
  `fecha_venta` date DEFAULT NULL,
  `id_producto` int(10) UNSIGNED DEFAULT NULL COMMENT '{"label":"Producto","input":"multiselect","selectBy":["nombre","foto_producto"]}',
  `precio` decimal(10,0) DEFAULT NULL,
  `observaciones` varchar(600) DEFAULT NULL,
  `a_cuenta` decimal(10,0) DEFAULT NULL,
  `saldo` decimal(10,0) DEFAULT NULL,
  `entregado` varchar(10) DEFAULT NULL COMMENT '{"label":"Fue Entregado?","input":"radios","options":["si","no"]}',
  `pagado` varchar(10) DEFAULT NULL COMMENT '{"label":"Fue Pagado?","input":"radios","options":["si","no"]}',
  `estado` varchar(15) NOT NULL DEFAULT 'ENABLED',
  `change_count` int(11) NOT NULL DEFAULT '0',
  `id_user_modified` int(11) UNSIGNED NOT NULL,
  `id_user_created` int(11) UNSIGNED NOT NULL,
  `date_modified` int(11) NOT NULL,
  `date_created` int(11) NOT NULL
) ENGINE=InnoDB DEFAULT CHARSET=latin1;

--
-- Volcado de datos para la tabla `hbf_ventas`
--

INSERT INTO `hbf_ventas` (`id_venta`, `id_club`, `id_turno`, `id_sesion`, `id_cliente`, `fecha_venta`, `id_producto`, `precio`, `observaciones`, `a_cuenta`, `saldo`, `entregado`, `pagado`, `estado`, `change_count`, `id_user_modified`, `id_user_created`, `date_modified`, `date_created`) VALUES
(1, 7, 3, 2, 24, '0000-00-00', 15, '50', 'ninguna', '20', '30', '0', '0', 'ENABLED', 0, 1, 1, 2019, 2019);

-- --------------------------------------------------------

--
-- Estructura de tabla para la tabla `migrations`
--

CREATE TABLE `migrations` (
  `version` bigint(20) NOT NULL
) ENGINE=InnoDB DEFAULT CHARSET=utf8;

--
-- Volcado de datos para la tabla `migrations`
--

INSERT INTO `migrations` (`version`) VALUES
(0);

-- --------------------------------------------------------

--
-- Estructura de tabla para la tabla `user`
--

CREATE TABLE `user` (
  `id` int(11) NOT NULL,
  `name` varchar(255) NOT NULL,
  `age` int(11) NOT NULL DEFAULT '0',
  `email` varchar(255) NOT NULL,
  `photo` varchar(255) DEFAULT 'default.png'
) ENGINE=InnoDB DEFAULT CHARSET=utf8;

--
-- Índices para tablas volcadas
--

--
-- Indices de la tabla `ci_modulos`
--
ALTER TABLE `ci_modulos`
  ADD PRIMARY KEY (`id_modulo`),
  ADD KEY `id_user_modified` (`id_user_modified`),
  ADD KEY `id_user_created` (`id_user_created`),
  ADD KEY `ci_modulos_ibfk_3` (`id_opcion_modulo`),
  ADD KEY `ci_modulos_ibfk_4` (`id_opcion_roles`);

--
-- Indices de la tabla `ci_options`
--
ALTER TABLE `ci_options`
  ADD PRIMARY KEY (`id_option`),
  ADD KEY `hbf_opciones_ibfk_1` (`id_user_created`),
  ADD KEY `hbf_opciones_ibfk_2` (`id_user_modified`),
  ADD KEY `ci_options_ibfk_3` (`id_setting`);

--
-- Indices de la tabla `ci_sessions`
--
ALTER TABLE `ci_sessions`
  ADD PRIMARY KEY (`id`),
  ADD KEY `ci_sessions_ibfk_1` (`id_usuario`),
  ADD KEY `id_hbf_sesion` (`id_hbf_sesion`);

--
-- Indices de la tabla `ci_settings`
--
ALTER TABLE `ci_settings`
  ADD PRIMARY KEY (`id_setting`),
  ADD KEY `ci_settings_ibfk_1` (`id_user_created`),
  ADD KEY `ci_settings_ibfk_2` (`id_user_modified`);

--
-- Indices de la tabla `ci_usuarios`
--
ALTER TABLE `ci_usuarios`
  ADD PRIMARY KEY (`id_usuario`),
  ADD KEY `ci_usuarios_ibfk_3` (`invitado_por`),
  ADD KEY `ci_usuarios_ibfk_5` (`id_turno`),
  ADD KEY `ci_usuarios_ibfk_6` (`id_sesion`),
  ADD KEY `ci_usuarios_ibfk_1` (`id_option_tipo_asociado`),
  ADD KEY `ci_usuarios_ibfk_2` (`id_option_nivel_asociado`),
  ADD KEY `ci_usuarios_ibfk_4` (`id_opcion_role`),
  ADD KEY `ci_usuarios_ibfk_7` (`id_tipo_usuario`),
  ADD KEY `ci_usuarios_ibfk_8` (`id_club`);

--
-- Indices de la tabla `hbf_clubs`
--
ALTER TABLE `hbf_clubs`
  ADD PRIMARY KEY (`id_club`),
  ADD KEY `hbf_clubs_ibfk_2` (`id_user_modified`),
  ADD KEY `hbf_clubs_ibfk_3` (`id_user_created`);

--
-- Indices de la tabla `hbf_comandas`
--
ALTER TABLE `hbf_comandas`
  ADD PRIMARY KEY (`id_comanda`),
  ADD KEY `hbf_comandas_ibfk_1` (`id_club`),
  ADD KEY `hbf_comandas_ibfk_2` (`id_turno`),
  ADD KEY `hbf_comandas_ibfk_3` (`id_sesion`),
  ADD KEY `hbf_comandas_ibfk_5` (`id_cliente`),
  ADD KEY `hbf_comandas_ibfk_6` (`id_user_modified`),
  ADD KEY `hbf_comandas_ibfk_7` (`id_user_created`),
  ADD KEY `hbf_comandas_ibfk_8` (`id_ficha_prepago`);

--
-- Indices de la tabla `hbf_detalles_pedidos`
--
ALTER TABLE `hbf_detalles_pedidos`
  ADD PRIMARY KEY (`id_detalle_pedido`),
  ADD KEY `id_user_modified` (`id_user_modified`),
  ADD KEY `id_user_created` (`id_user_created`),
  ADD KEY `id_vaso` (`id_vaso`),
  ADD KEY `hbf_detalles_pedidos_ibfk_4` (`id_producto`),
  ADD KEY `id_comanda` (`id_comanda`);

--
-- Indices de la tabla `hbf_egresos`
--
ALTER TABLE `hbf_egresos`
  ADD PRIMARY KEY (`id_egreso`),
  ADD UNIQUE KEY `hbf_egresos_id_egreso_uindex` (`id_egreso`),
  ADD KEY `hbf_egresos_ibfk_1` (`id_user_created`),
  ADD KEY `hbf_egresos_ibfk_2` (`id_user_modified`),
  ADD KEY `hbf_egresos_ibfk_3` (`id_cliente`),
  ADD KEY `hbf_egresos_ibfk_4` (`id_turno`),
  ADD KEY `hbf_egresos_ibfk_5` (`id_sesion`),
  ADD KEY `hbf_egresos_ibfk_6` (`id_club`);

--
-- Indices de la tabla `hbf_ingresos`
--
ALTER TABLE `hbf_ingresos`
  ADD PRIMARY KEY (`id_ingreso`),
  ADD KEY `hbf_ingresos_ibfk_3` (`id_cliente`),
  ADD KEY `hbf_ingresos_ibfk_5` (`id_comanda`),
  ADD KEY `hbf_ingresos_ibfk_6` (`id_prepago`),
  ADD KEY `hbf_ingresos_ibfk_4` (`id_producto`),
  ADD KEY `hbf_ingresos_ibfk_1` (`id_user_modified`),
  ADD KEY `hbf_ingresos_ibfk_2` (`id_user_created`);

--
-- Indices de la tabla `hbf_porciones`
--
ALTER TABLE `hbf_porciones`
  ADD PRIMARY KEY (`id_porcion`),
  ADD KEY `hbf_porsiones_ibfk_1` (`id_user_created`),
  ADD KEY `hbf_porsiones_ibfk_2` (`id_user_modified`),
  ADD KEY `hbf_porsiones_ibfk_3` (`id_producto`);

--
-- Indices de la tabla `hbf_prepagos`
--
ALTER TABLE `hbf_prepagos`
  ADD PRIMARY KEY (`id_prepago`),
  ADD KEY `hbf_prepago_ibfk_1` (`id_cliente`),
  ADD KEY `hbf_prepago_ibfk_2` (`id_user_modified`),
  ADD KEY `hbf_prepago_ibfk_3` (`id_user_created`),
  ADD KEY `hbf_prepago_ibfk_5` (`id_option_tipo_prepago`),
  ADD KEY `hbf_prepago_ibfk_6` (`id_turno`),
  ADD KEY `hbf_prepagos_ibfk_4` (`id_sesion`);

--
-- Indices de la tabla `hbf_productos`
--
ALTER TABLE `hbf_productos`
  ADD PRIMARY KEY (`id_producto`),
  ADD KEY `hbf_productos_ibfk_1` (`id_user_modified`),
  ADD KEY `hbf_productos_ibfk_2` (`id_user_created`),
  ADD KEY `hbf_productos_ibfk_3` (`id_option_categoria_producto`),
  ADD KEY `hbf_productos_ibfk_4` (`id_option_tipo_producto`);

--
-- Indices de la tabla `hbf_sesiones`
--
ALTER TABLE `hbf_sesiones`
  ADD PRIMARY KEY (`id_sesion`),
  ADD KEY `id_encargado` (`id_asociado`),
  ADD KEY `id_club` (`id_club`),
  ADD KEY `id_turno` (`id_turno`),
  ADD KEY `id_user_modified` (`id_user_modified`),
  ADD KEY `id_user_created` (`id_user_created`),
  ADD KEY `hbf_sesiones_ibfk_6` (`id_opcion_sesion`);

--
-- Indices de la tabla `hbf_turnos`
--
ALTER TABLE `hbf_turnos`
  ADD PRIMARY KEY (`id_turno`),
  ADD KEY `id_asociado` (`id_asociado`),
  ADD KEY `id_club` (`id_club`),
  ADD KEY `id_user_modified` (`id_user_modified`),
  ADD KEY `id_user_created` (`id_user_created`),
  ADD KEY `hbf_turnos_ibfk_5` (`id_opcion_turnos`);

--
-- Indices de la tabla `hbf_vasos`
--
ALTER TABLE `hbf_vasos`
  ADD PRIMARY KEY (`id_vaso`),
  ADD KEY `hbf_vasos_ibfk_1` (`id_user_modified`),
  ADD KEY `hbf_vasos_ibfk_2` (`id_user_created`),
  ADD KEY `hbf_vasos_ibfk_3` (`id_comanda`),
  ADD KEY `hbf_vasos_ibfk_4` (`id_opcion_tipo_producto`);

--
-- Indices de la tabla `hbf_ventas`
--
ALTER TABLE `hbf_ventas`
  ADD PRIMARY KEY (`id_venta`),
  ADD UNIQUE KEY `hbf_ventas_id_venta_uindex` (`id_venta`),
  ADD KEY `hbf_ventas_ibfk_1` (`id_user_created`),
  ADD KEY `hbf_ventas_ibfk_2` (`id_user_modified`),
  ADD KEY `hbf_ventas_ibfk_3` (`id_cliente`),
  ADD KEY `hbf_ventas_ibfk_4` (`id_club`),
  ADD KEY `hbf_ventas_ibfk_5` (`id_turno`),
  ADD KEY `hbf_ventas_ibfk_6` (`id_sesion`),
  ADD KEY `hbf_ventas_ibfk_7` (`id_producto`);

--
-- Indices de la tabla `user`
--
ALTER TABLE `user`
  ADD PRIMARY KEY (`id`);

--
-- AUTO_INCREMENT de las tablas volcadas
--

--
-- AUTO_INCREMENT de la tabla `ci_options`
--
ALTER TABLE `ci_options`
  MODIFY `id_option` int(10) UNSIGNED NOT NULL AUTO_INCREMENT, AUTO_INCREMENT=27;
--
-- AUTO_INCREMENT de la tabla `ci_settings`
--
ALTER TABLE `ci_settings`
  MODIFY `id_setting` int(11) UNSIGNED NOT NULL AUTO_INCREMENT, AUTO_INCREMENT=11;
--
-- AUTO_INCREMENT de la tabla `ci_usuarios`
--
ALTER TABLE `ci_usuarios`
  MODIFY `id_usuario` int(11) UNSIGNED NOT NULL AUTO_INCREMENT, AUTO_INCREMENT=30;
--
-- AUTO_INCREMENT de la tabla `hbf_clubs`
--
ALTER TABLE `hbf_clubs`
  MODIFY `id_club` int(10) UNSIGNED NOT NULL AUTO_INCREMENT, AUTO_INCREMENT=8;
--
-- AUTO_INCREMENT de la tabla `hbf_comandas`
--
ALTER TABLE `hbf_comandas`
  MODIFY `id_comanda` int(10) UNSIGNED NOT NULL AUTO_INCREMENT, AUTO_INCREMENT=25;
--
-- AUTO_INCREMENT de la tabla `hbf_detalles_pedidos`
--
ALTER TABLE `hbf_detalles_pedidos`
  MODIFY `id_detalle_pedido` int(10) UNSIGNED NOT NULL AUTO_INCREMENT, AUTO_INCREMENT=14;
--
-- AUTO_INCREMENT de la tabla `hbf_egresos`
--
ALTER TABLE `hbf_egresos`
  MODIFY `id_egreso` int(10) UNSIGNED NOT NULL AUTO_INCREMENT, AUTO_INCREMENT=2;
--
-- AUTO_INCREMENT de la tabla `hbf_ingresos`
--
ALTER TABLE `hbf_ingresos`
  MODIFY `id_ingreso` int(11) UNSIGNED NOT NULL AUTO_INCREMENT;
--
-- AUTO_INCREMENT de la tabla `hbf_porciones`
--
ALTER TABLE `hbf_porciones`
  MODIFY `id_porcion` int(10) UNSIGNED NOT NULL AUTO_INCREMENT;
--
-- AUTO_INCREMENT de la tabla `hbf_prepagos`
--
ALTER TABLE `hbf_prepagos`
  MODIFY `id_prepago` int(11) UNSIGNED NOT NULL AUTO_INCREMENT;
--
-- AUTO_INCREMENT de la tabla `hbf_productos`
--
ALTER TABLE `hbf_productos`
  MODIFY `id_producto` int(10) UNSIGNED NOT NULL AUTO_INCREMENT, AUTO_INCREMENT=16;
--
-- AUTO_INCREMENT de la tabla `hbf_sesiones`
--
ALTER TABLE `hbf_sesiones`
  MODIFY `id_sesion` int(11) UNSIGNED NOT NULL AUTO_INCREMENT, AUTO_INCREMENT=3;
--
-- AUTO_INCREMENT de la tabla `hbf_turnos`
--
ALTER TABLE `hbf_turnos`
  MODIFY `id_turno` int(10) UNSIGNED NOT NULL AUTO_INCREMENT, AUTO_INCREMENT=8;
--
-- AUTO_INCREMENT de la tabla `hbf_vasos`
--
ALTER TABLE `hbf_vasos`
  MODIFY `id_vaso` int(10) UNSIGNED NOT NULL AUTO_INCREMENT, AUTO_INCREMENT=11;
--
-- AUTO_INCREMENT de la tabla `hbf_ventas`
--
ALTER TABLE `hbf_ventas`
  MODIFY `id_venta` int(10) UNSIGNED NOT NULL AUTO_INCREMENT, AUTO_INCREMENT=2;
--
-- AUTO_INCREMENT de la tabla `user`
--
ALTER TABLE `user`
  MODIFY `id` int(11) NOT NULL AUTO_INCREMENT;
--
-- Restricciones para tablas volcadas
--

--
-- Filtros para la tabla `ci_modulos`
--
ALTER TABLE `ci_modulos`
  ADD CONSTRAINT `ci_modulos_ibfk_1` FOREIGN KEY (`id_user_created`) REFERENCES `ci_usuarios` (`id_usuario`),
  ADD CONSTRAINT `ci_modulos_ibfk_2` FOREIGN KEY (`id_user_modified`) REFERENCES `ci_usuarios` (`id_usuario`),
  ADD CONSTRAINT `ci_modulos_ibfk_3` FOREIGN KEY (`id_opcion_modulo`) REFERENCES `ci_options` (`id_option`),
  ADD CONSTRAINT `ci_modulos_ibfk_4` FOREIGN KEY (`id_opcion_roles`) REFERENCES `ci_options` (`id_option`);

--
-- Filtros para la tabla `ci_options`
--
ALTER TABLE `ci_options`
  ADD CONSTRAINT `ci_options_ibfk_1` FOREIGN KEY (`id_user_created`) REFERENCES `ci_usuarios` (`id_usuario`),
  ADD CONSTRAINT `ci_options_ibfk_2` FOREIGN KEY (`id_user_modified`) REFERENCES `ci_usuarios` (`id_usuario`),
  ADD CONSTRAINT `ci_options_ibfk_3` FOREIGN KEY (`id_setting`) REFERENCES `ci_settings` (`id_setting`);

--
-- Filtros para la tabla `ci_sessions`
--
ALTER TABLE `ci_sessions`
  ADD CONSTRAINT `ci_sessions_ibfk_1` FOREIGN KEY (`id_usuario`) REFERENCES `ci_usuarios` (`id_usuario`),
  ADD CONSTRAINT `ci_sessions_ibfk_2` FOREIGN KEY (`id_hbf_sesion`) REFERENCES `hbf_sesiones` (`id_sesion`);

--
-- Filtros para la tabla `ci_settings`
--
ALTER TABLE `ci_settings`
  ADD CONSTRAINT `ci_settings_ibfk_1` FOREIGN KEY (`id_user_created`) REFERENCES `ci_usuarios` (`id_usuario`),
  ADD CONSTRAINT `ci_settings_ibfk_2` FOREIGN KEY (`id_user_modified`) REFERENCES `ci_usuarios` (`id_usuario`);

--
-- Filtros para la tabla `ci_usuarios`
--
ALTER TABLE `ci_usuarios`
  ADD CONSTRAINT `ci_usuarios_ibfk_1` FOREIGN KEY (`id_option_tipo_asociado`) REFERENCES `ci_options` (`id_option`),
  ADD CONSTRAINT `ci_usuarios_ibfk_2` FOREIGN KEY (`id_option_nivel_asociado`) REFERENCES `ci_options` (`id_option`),
  ADD CONSTRAINT `ci_usuarios_ibfk_3` FOREIGN KEY (`invitado_por`) REFERENCES `ci_usuarios` (`id_usuario`),
  ADD CONSTRAINT `ci_usuarios_ibfk_4` FOREIGN KEY (`id_opcion_role`) REFERENCES `ci_options` (`id_option`),
  ADD CONSTRAINT `ci_usuarios_ibfk_5` FOREIGN KEY (`id_turno`) REFERENCES `hbf_turnos` (`id_turno`),
  ADD CONSTRAINT `ci_usuarios_ibfk_6` FOREIGN KEY (`id_sesion`) REFERENCES `hbf_sesiones` (`id_sesion`),
  ADD CONSTRAINT `ci_usuarios_ibfk_7` FOREIGN KEY (`id_tipo_usuario`) REFERENCES `ci_options` (`id_option`),
  ADD CONSTRAINT `ci_usuarios_ibfk_8` FOREIGN KEY (`id_club`) REFERENCES `hbf_clubs` (`id_club`);

--
-- Filtros para la tabla `hbf_clubs`
--
ALTER TABLE `hbf_clubs`
  ADD CONSTRAINT `hbf_clubs_ibfk_1` FOREIGN KEY (`id_user_created`) REFERENCES `ci_usuarios` (`id_usuario`),
  ADD CONSTRAINT `hbf_clubs_ibfk_2` FOREIGN KEY (`id_user_modified`) REFERENCES `ci_usuarios` (`id_usuario`);

--
-- Filtros para la tabla `hbf_comandas`
--
ALTER TABLE `hbf_comandas`
  ADD CONSTRAINT `hbf_comandas_ibfk_1` FOREIGN KEY (`id_club`) REFERENCES `hbf_clubs` (`id_club`) ON DELETE CASCADE ON UPDATE CASCADE,
  ADD CONSTRAINT `hbf_comandas_ibfk_2` FOREIGN KEY (`id_turno`) REFERENCES `hbf_turnos` (`id_turno`) ON DELETE CASCADE ON UPDATE CASCADE,
  ADD CONSTRAINT `hbf_comandas_ibfk_3` FOREIGN KEY (`id_sesion`) REFERENCES `hbf_sesiones` (`id_sesion`),
  ADD CONSTRAINT `hbf_comandas_ibfk_4` FOREIGN KEY (`id_user_created`) REFERENCES `ci_usuarios` (`id_usuario`),
  ADD CONSTRAINT `hbf_comandas_ibfk_5` FOREIGN KEY (`id_user_modified`) REFERENCES `ci_usuarios` (`id_usuario`),
  ADD CONSTRAINT `hbf_comandas_ibfk_6` FOREIGN KEY (`id_cliente`) REFERENCES `ci_usuarios` (`id_usuario`),
  ADD CONSTRAINT `hbf_comandas_ibfk_8` FOREIGN KEY (`id_ficha_prepago`) REFERENCES `hbf_prepagos` (`id_prepago`);

--
-- Filtros para la tabla `hbf_detalles_pedidos`
--
ALTER TABLE `hbf_detalles_pedidos`
  ADD CONSTRAINT `hbf_detalles_pedidos_ibfk_1` FOREIGN KEY (`id_user_created`) REFERENCES `ci_usuarios` (`id_usuario`),
  ADD CONSTRAINT `hbf_detalles_pedidos_ibfk_2` FOREIGN KEY (`id_user_modified`) REFERENCES `ci_usuarios` (`id_usuario`),
  ADD CONSTRAINT `hbf_detalles_pedidos_ibfk_4` FOREIGN KEY (`id_producto`) REFERENCES `hbf_productos` (`id_producto`),
  ADD CONSTRAINT `hbf_detalles_pedidos_ibfk_5` FOREIGN KEY (`id_vaso`) REFERENCES `hbf_vasos` (`id_vaso`),
  ADD CONSTRAINT `hbf_detalles_pedidos_ibfk_6` FOREIGN KEY (`id_comanda`) REFERENCES `hbf_comandas` (`id_comanda`);

--
-- Filtros para la tabla `hbf_egresos`
--
ALTER TABLE `hbf_egresos`
  ADD CONSTRAINT `hbf_egresos_ibfk_1` FOREIGN KEY (`id_user_created`) REFERENCES `ci_usuarios` (`id_usuario`),
  ADD CONSTRAINT `hbf_egresos_ibfk_2` FOREIGN KEY (`id_user_modified`) REFERENCES `ci_usuarios` (`id_usuario`),
  ADD CONSTRAINT `hbf_egresos_ibfk_3` FOREIGN KEY (`id_cliente`) REFERENCES `ci_usuarios` (`id_usuario`),
  ADD CONSTRAINT `hbf_egresos_ibfk_4` FOREIGN KEY (`id_turno`) REFERENCES `hbf_turnos` (`id_turno`),
  ADD CONSTRAINT `hbf_egresos_ibfk_5` FOREIGN KEY (`id_sesion`) REFERENCES `hbf_sesiones` (`id_sesion`),
  ADD CONSTRAINT `hbf_egresos_ibfk_6` FOREIGN KEY (`id_club`) REFERENCES `hbf_clubs` (`id_club`);

--
-- Filtros para la tabla `hbf_ingresos`
--
ALTER TABLE `hbf_ingresos`
  ADD CONSTRAINT `hbf_ingresos_ibfk_1` FOREIGN KEY (`id_user_created`) REFERENCES `ci_usuarios` (`id_usuario`),
  ADD CONSTRAINT `hbf_ingresos_ibfk_2` FOREIGN KEY (`id_user_modified`) REFERENCES `ci_usuarios` (`id_usuario`),
  ADD CONSTRAINT `hbf_ingresos_ibfk_3` FOREIGN KEY (`id_cliente`) REFERENCES `ci_usuarios` (`id_usuario`),
  ADD CONSTRAINT `hbf_ingresos_ibfk_4` FOREIGN KEY (`id_producto`) REFERENCES `hbf_productos` (`id_producto`),
  ADD CONSTRAINT `hbf_ingresos_ibfk_5` FOREIGN KEY (`id_comanda`) REFERENCES `hbf_comandas` (`id_comanda`),
  ADD CONSTRAINT `hbf_ingresos_ibfk_6` FOREIGN KEY (`id_prepago`) REFERENCES `hbf_prepagos` (`id_prepago`);

--
-- Filtros para la tabla `hbf_porciones`
--
ALTER TABLE `hbf_porciones`
  ADD CONSTRAINT `hbf_porciones_ibfk_1` FOREIGN KEY (`id_user_created`) REFERENCES `ci_usuarios` (`id_usuario`),
  ADD CONSTRAINT `hbf_porciones_ibfk_2` FOREIGN KEY (`id_user_modified`) REFERENCES `ci_usuarios` (`id_usuario`),
  ADD CONSTRAINT `hbf_porciones_ibfk_3` FOREIGN KEY (`id_producto`) REFERENCES `hbf_productos` (`id_producto`);

--
-- Filtros para la tabla `hbf_prepagos`
--
ALTER TABLE `hbf_prepagos`
  ADD CONSTRAINT `hbf_prepagos_ibfk_1` FOREIGN KEY (`id_cliente`) REFERENCES `ci_usuarios` (`id_usuario`),
  ADD CONSTRAINT `hbf_prepagos_ibfk_2` FOREIGN KEY (`id_user_created`) REFERENCES `ci_usuarios` (`id_usuario`),
  ADD CONSTRAINT `hbf_prepagos_ibfk_3` FOREIGN KEY (`id_user_modified`) REFERENCES `ci_usuarios` (`id_usuario`),
  ADD CONSTRAINT `hbf_prepagos_ibfk_4` FOREIGN KEY (`id_sesion`) REFERENCES `hbf_sesiones` (`id_sesion`),
  ADD CONSTRAINT `hbf_prepagos_ibfk_5` FOREIGN KEY (`id_option_tipo_prepago`) REFERENCES `ci_options` (`id_option`),
  ADD CONSTRAINT `hbf_prepagos_ibfk_6` FOREIGN KEY (`id_turno`) REFERENCES `hbf_turnos` (`id_turno`);

--
-- Filtros para la tabla `hbf_productos`
--
ALTER TABLE `hbf_productos`
  ADD CONSTRAINT `hbf_productos_ibfk_1` FOREIGN KEY (`id_user_created`) REFERENCES `ci_usuarios` (`id_usuario`),
  ADD CONSTRAINT `hbf_productos_ibfk_2` FOREIGN KEY (`id_user_modified`) REFERENCES `ci_usuarios` (`id_usuario`),
  ADD CONSTRAINT `hbf_productos_ibfk_3` FOREIGN KEY (`id_option_categoria_producto`) REFERENCES `ci_options` (`id_option`),
  ADD CONSTRAINT `hbf_productos_ibfk_4` FOREIGN KEY (`id_option_tipo_producto`) REFERENCES `ci_options` (`id_option`);

--
-- Filtros para la tabla `hbf_sesiones`
--
ALTER TABLE `hbf_sesiones`
  ADD CONSTRAINT `hbf_sesiones_ibfk_1` FOREIGN KEY (`id_user_created`) REFERENCES `ci_usuarios` (`id_usuario`),
  ADD CONSTRAINT `hbf_sesiones_ibfk_2` FOREIGN KEY (`id_user_modified`) REFERENCES `ci_usuarios` (`id_usuario`),
  ADD CONSTRAINT `hbf_sesiones_ibfk_3` FOREIGN KEY (`id_club`) REFERENCES `hbf_clubs` (`id_club`),
  ADD CONSTRAINT `hbf_sesiones_ibfk_4` FOREIGN KEY (`id_asociado`) REFERENCES `ci_usuarios` (`id_usuario`),
  ADD CONSTRAINT `hbf_sesiones_ibfk_5` FOREIGN KEY (`id_turno`) REFERENCES `hbf_turnos` (`id_turno`),
  ADD CONSTRAINT `hbf_sesiones_ibfk_6` FOREIGN KEY (`id_opcion_sesion`) REFERENCES `ci_options` (`id_option`);

--
-- Filtros para la tabla `hbf_turnos`
--
ALTER TABLE `hbf_turnos`
  ADD CONSTRAINT `hbf_turnos_ibfk_1` FOREIGN KEY (`id_user_created`) REFERENCES `ci_usuarios` (`id_usuario`),
  ADD CONSTRAINT `hbf_turnos_ibfk_2` FOREIGN KEY (`id_user_modified`) REFERENCES `ci_usuarios` (`id_usuario`),
  ADD CONSTRAINT `hbf_turnos_ibfk_3` FOREIGN KEY (`id_asociado`) REFERENCES `ci_usuarios` (`id_usuario`),
  ADD CONSTRAINT `hbf_turnos_ibfk_4` FOREIGN KEY (`id_club`) REFERENCES `hbf_clubs` (`id_club`),
  ADD CONSTRAINT `hbf_turnos_ibfk_5` FOREIGN KEY (`id_opcion_turnos`) REFERENCES `ci_options` (`id_option`);

--
-- Filtros para la tabla `hbf_vasos`
--
ALTER TABLE `hbf_vasos`
  ADD CONSTRAINT `hbf_vasos_ibfk_1` FOREIGN KEY (`id_user_modified`) REFERENCES `ci_usuarios` (`id_usuario`) ON DELETE CASCADE ON UPDATE CASCADE,
  ADD CONSTRAINT `hbf_vasos_ibfk_2` FOREIGN KEY (`id_user_created`) REFERENCES `ci_usuarios` (`id_usuario`) ON DELETE CASCADE ON UPDATE CASCADE,
  ADD CONSTRAINT `hbf_vasos_ibfk_3` FOREIGN KEY (`id_comanda`) REFERENCES `hbf_comandas` (`id_comanda`),
  ADD CONSTRAINT `hbf_vasos_ibfk_4` FOREIGN KEY (`id_opcion_tipo_producto`) REFERENCES `ci_options` (`id_option`);

--
-- Filtros para la tabla `hbf_ventas`
--
ALTER TABLE `hbf_ventas`
  ADD CONSTRAINT `hbf_ventas_ibfk_1` FOREIGN KEY (`id_user_created`) REFERENCES `ci_usuarios` (`id_usuario`),
  ADD CONSTRAINT `hbf_ventas_ibfk_2` FOREIGN KEY (`id_user_modified`) REFERENCES `ci_usuarios` (`id_usuario`),
  ADD CONSTRAINT `hbf_ventas_ibfk_3` FOREIGN KEY (`id_cliente`) REFERENCES `ci_usuarios` (`id_usuario`),
  ADD CONSTRAINT `hbf_ventas_ibfk_4` FOREIGN KEY (`id_club`) REFERENCES `hbf_clubs` (`id_club`),
  ADD CONSTRAINT `hbf_ventas_ibfk_5` FOREIGN KEY (`id_turno`) REFERENCES `hbf_turnos` (`id_turno`),
  ADD CONSTRAINT `hbf_ventas_ibfk_6` FOREIGN KEY (`id_sesion`) REFERENCES `hbf_sesiones` (`id_sesion`),
  ADD CONSTRAINT `hbf_ventas_ibfk_7` FOREIGN KEY (`id_producto`) REFERENCES `hbf_productos` (`id_producto`);

/*!40101 SET CHARACTER_SET_CLIENT=@OLD_CHARACTER_SET_CLIENT */;
/*!40101 SET CHARACTER_SET_RESULTS=@OLD_CHARACTER_SET_RESULTS */;
/*!40101 SET COLLATION_CONNECTION=@OLD_COLLATION_CONNECTION */;
